name,grades,score,ra,dec,ABmag_F444W,has_COWLS_counterpart,within_COWLS_footprint,code_COWLS
UDS_37662,SABAAAAA,14,34.404786782,-5.2248674186,18.5693,False,False,
COS_39393,UXAAABAA,11,150.07443729,2.2809122794,19.7196,False,True,
Web_041_5069,XXABAAAA,11,150.19859313964844,1.839791178703308,18.62730026245117,True,True,COSJ100047+015023
Web_090_18585,SSABUABA,10,150.05581665039062,2.5733466148376465,20.042800903320312,True,True,COSJ100013+023424
EGS_24131,XBAUUAAA,9,214.79032888,52.775824477,19.9446,False,False,
UDS_38965,SXBBBAAS,9,34.275997367,-5.2215782721,18.6474,False,False,
Web_052_12575,SXBUBAAA,9,150.26388549804688,2.03310489654541,20.585599899291992,True,True,COSJ100103+020159
Web_052_22861,SXBBBBAA,9,150.28749084472656,2.089165449142456,19.374399185180664,False,True,
Web_065_29059,SAUXXAAA,9,150.1182403564453,2.292133092880249,19.436199188232425,True,True,COSJ100028+021731
COS_32292,USBSUASA,8,150.18360776,2.252410305,20.4751,True,True,COSJ100044+021508
GSN_1450,XXBBBAAS,8,189.33995274,62.141642878,19.6192,False,False,
Web_041_11175,SXBUBBAA,8,150.16981506347656,1.8704770803451536,19.76679992675781,True,True,COSJ100040+015213
Web_055_24530,XXBBUAAA,8,149.8406982421875,2.110657215118408,19.625600814819336,True,True,COSJ095921+020638
Web_067_13005,SXBAXUAA,8,149.8124542236328,2.202793598175049,20.20479965209961,False,True,
Web_088_13,BXBBXAAS,8,150.3413848876953,2.461312770843506,19.0713005065918,True,True,COSJ100121+022740
COS_93461,XXBBBBAS,7,150.08873941,2.4606279206,18.8237,False,True,
EGS_35435,XXBBABSS,7,214.98433956,52.961321964,19.6825,False,False,
EGS_9007,UXBUBSAA,7,215.13252843,52.972788407,18.418,False,False,
EGS_943,SXBUXSAA,7,215.09380452,52.857815114,19.6837,False,False,
GSN_23112,XXSAUBBA,7,189.23602035,62.205603478,20.3477,False,False,
GSN_23877,XXBAXUAA,7,189.21701094,62.207317172,20.8845,False,False,
Web_040_2593,XXBBXAAS,7,150.33056640625,1.8136210441589355,19.707399368286133,True,True,COSJ100119+014849
Web_043_813,BXAUXAXA,7,149.82151794433594,1.9069688320159912,20.326400756835938,True,True,COSJ095917+015424
Web_067_21861,XABXXABB,7,149.78553771972656,2.266493797302246,19.8572006225586,True,True,COSJ095908+021559
Web_067_487,UXBBUAAS,7,149.8016357421875,2.1308059692382812,19.33359909057617,True,True,COSJ095912+020750
COS_44287,XAUXXAXA,6,150.1182467,2.2921318514,19.4625,True,True,COSJ100028+021731
COS_45438,XSUXBASS,6,150.10013944,2.2971377946,19.5844,True,True,COSJ100024+021749
COS_60729,XXBXUBAA,6,150.07358688,2.3468086006,20.578,False,True,
COS_97513,XXBBUBSA,6,150.17449544,2.4687593971,20.0334,True,True,COSJ100041+022807
EGS_6784,XXBBUUAA,6,214.91196111,52.800647661,21.5036,False,False,
Web_077_9919,XXBXXAAS,6,150.2095947265625,2.3552441596984863,17.470600128173828,True,True,COSJ100050+022118
Web_089_12727,SXBBXUBA,6,150.2135467529297,2.538632869720459,19.222299575805664,True,True,COSJ100051+023219
Web_089_22850,XXBBUSBA,6,150.09066772460938,2.5999984741210938,19.34149932861328,True,True,COSJ100021+023600
Web_090_15090,XXBBXUAA,6,149.97467041015625,2.555461883544922,18.883899688720703,True,True,COSJ095953+023319
COS_100789,UXSUBXSA,5,150.01647072,2.4794971785,20.3525,False,True,
COS_23291,XXSBBBXS,5,150.09564573,2.2201580839,17.6526,True,True,COSJ100022+021312
COS_3819,XSBXXAXB,5,150.13597461,2.1200952489,19.578,False,True,
GSN_61678,XSBXUSSS,5,189.41129494,62.291092388,19.4871,False,False,
GSS_103937,UXBXUBAS,5,53.158778422,-27.742383836,19.7461,False,False,
GSS_7424,XSBXXSBB,5,52.976870645,-27.911934579,19.7622,False,False,
UDS_22523,XAUUXABX,5,34.399112314,-5.2637413977,19.58,False,False,
UDS_51143,XXBBUBBS,5,34.393329823,-5.1825797152,19.5992,False,False,
Web_040_22605,XXBUXBBA,5,150.24429321289062,1.9264485836029053,19.000900268554688,False,True,
Web_052_24670,XXBBUBSS,5,150.29354858398438,2.1102867126464844,19.84339904785156,False,True,
Web_054_17800,XXBXXAXA,5,150.0418243408203,2.0694823265075684,20.66519927978516,False,True,
Web_065_16,SXBXXUBA,5,150.17306518554688,2.126859426498413,19.490699768066406,False,True,
Web_065_24396,XXBXUSAS,5,150.21688842773438,2.2758781909942627,19.58390045166016,False,True,
Web_077_9085,XXBUXBBA,5,150.07359313964844,2.3468072414398193,20.48970031738281,False,True,
Web_078_10799,XXBUUBAS,5,149.96144104003906,2.349397659301758,19.346799850463867,True,True,COSJ095950+022057
Web_078_7945,XXBUXUAA,5,149.97012329101562,2.335353374481201,19.74760055541992,False,True,
Web_089_12509,SXBBXUXA,5,150.1162567138672,2.5364761352539062,20.64430046081543,False,True,
Web_089_16407,SXBUXUAS,5,150.0834503173828,2.5590450763702393,19.9862003326416,True,True,COSJ100020+023332
Web_089_21762,XXBBUUBA,5,150.06387329101562,2.605827808380127,20.14609909057617,True,True,COSJ100015+023621
COS_109407,XXSBUSXS,4,150.02218181,2.5153749734,18.8433,False,True,
COS_18890,XXUXBBUA,4,150.09092743,2.1987326199,20.9925,False,True,
COS_38976,XXSBXBXS,4,150.0980341,2.2813662736,19.0688,True,True,COSJ100023+021652
COS_45170,XXSXBUXA,4,150.06601577,2.2955392848,19.7692,False,True,
COS_47609,XXBXBXUA,4,150.13306223,2.303252836,19.4414,False,True,
COS_65225,XXSBUUSS,4,150.16149892,2.3624779807,20.6137,False,True,
COS_65277,XXSBUUSS,4,150.16945195,2.3626525528,21.332,False,True,
COS_87860,XXSXXUBA,4,150.1298917,2.444355945,19.8622,True,True,COSJ100031+022639
GSN_14000,SXUBXXUA,4,189.30024822,62.180805042,20.4715,False,False,
GSN_42879,XXUUAUUA,4,189.42058092,62.254787956,18.451,False,False,
GSS_18836,XXBBXUSS,4,53.130697405,-27.888664839,18.8172,False,False,
GSS_49838,SXBXXXUA,4,52.92720498,-27.842532292,20.4577,False,False,
GSS_9543,XXBXXBXA,4,53.042320706,-27.90465721,20.2944,False,False,
Web_051_2177,SXUXUBBB,4,150.3960418701172,2.0631356239318848,18.121400833129883,False,True,
Web_052_17918,XXUUXBBA,4,150.23635864257812,2.0619709491729736,20.40340042114257,False,True,
Web_054_15430,XXBBUUBS,4,149.9706573486328,2.054198741912842,21.26320075988769,True,True,COSJ095952+020314
Web_066_1057,XXUXXXAA,4,150.00289916992188,2.13355016708374,19.783599853515625,False,True,
Web_066_14191,XXBBUXSS,4,150.04971313476562,2.2171428203582764,17.707199096679688,True,True,COSJ100011+021301
Web_066_23461,XXBBUUSS,4,149.9742431640625,2.2571494579315186,19.897600173950195,False,True,
Web_075_16535,XXXBXXAS,4,150.4790802001953,2.404669761657715,19.598100662231445,False,True,
Web_075_5960,XXUBXUBA,4,150.4675750732422,2.3373703956604004,20.04599952697754,False,True,
Web_076_14793,XXUUXUAA,4,150.29751586914062,2.375046491622925,20.19770050048828,True,True,COSJ100111+022230
Web_076_23367,XXUXUBAB,4,150.35862731933594,2.456523895263672,18.74620056152344,False,True,
Web_077_17766,XXUBXXSA,4,150.21751403808594,2.400294780731201,19.25349998474121,False,True,
Web_078_22576,XXBUXBBS,4,149.90684509277344,2.414316892623902,19.49329948425293,False,True,
Web_079_1565,BXUUXBAX,4,149.84686279296875,2.3101603984832764,19.57539939880371,True,True,COSJ095923+021836
Web_090_13966,SXBUUUBS,4,149.9138946533203,2.5442562103271484,20.36989974975586,True,True,COSJ095939+023239
Web_090_14250,SXBUUUSS,4,149.91871643066406,2.5482141971588135,18.842500686645508,True,True,COSJ095940+023253
COS_20560,XXUXBBXB,3,150.07658202,2.2058594592,20.2786,False,True,
COS_34338,XXBXXXXA,3,150.10437977,2.2605767895,20.0813,True,True,COSJ100025+021538
COS_51475,XXSSUXXS,3,150.11950389,2.3221296704,18.9508,False,True,
COS_53743,XXUXUBBB,3,150.11908915,2.3245102509,19.0647,True,True,COSJ100028+021928
COS_65946,XXUBBXXB,3,150.10709014,2.3673966741,20.5753,False,True,
COS_67932,XXUBBXXS,3,150.14620144,2.3742520776,19.9414,False,True,
COS_81939,XXXBUXXA,3,150.09496322,2.4251695258,18.2682,False,True,
COS_82679,XXSXXBXS,3,150.02236547,2.4254581596,19.5439,False,True,
COS_95858,XXUBUUSS,3,150.14161605,2.4645682114,19.9356,True,True,COSJ100033+022752
COS_98824,XXBUUUBS,3,150.0683173,2.4743727605,19.3934,True,True,COSJ100016+022827
EGS_976,XXUBUXSS,3,215.1053778,52.865819815,20.2266,False,False,
GSN_27745,XXUXBUSB,3,189.37460069,62.216984741,20.2639,False,False,
GSN_42916,XXUBXUSS,3,189.2208945,62.252421613,19.9809,False,False,
GSN_47312,XXUUBSSX,3,189.48176383,62.26180605,19.0918,False,False,
GSN_52675,XSUXXBUS,3,189.44613466,62.27555671,18.4916,False,False,
GSS_124746,SXUXXUXA,3,53.189633476,-27.681411091,19.4101,False,False,
GSS_51947,XSUXXBBX,3,52.960574323,-27.841242866,19.1713,False,False,
GSS_59146,XXUUUUSA,3,53.054228977,-27.829490028,18.9943,False,False,
GSS_67875,XXBXXBXS,3,53.104534305,-27.814609277,20.9128,False,False,
UDS_35012,XXUXXBBS,3,34.318519448,-5.2373828191,20.378,False,False,
UDS_60696,UXBXXUUA,3,34.43095839,-5.1577432882,19.303,False,False,
Web_041_2374,XXBXUBBX,3,150.21827697753906,1.815648078918457,18.73909950256348,True,True,COSJ100052+014856
Web_041_2398,XXUXXXAS,3,150.1796875,1.8166499137878416,18.006500244140625,False,True,
Web_042_4698,XXBXXUBB,3,150.02064514160156,1.8853400945663452,18.50869941711425,True,True,COSJ100004+015307
Web_052_13455,XXBXXAXU,3,150.3114013671875,2.036696195602417,20.31060028076172,True,True,COSJ100114+020211
Web_052_21066,XXBXUUXA,3,150.3480987548828,2.0803802013397217,19.51370048522949,False,True,
Web_053_17826,XXUXXAXS,3,150.1461639404297,2.064018964767456,19.998199462890625,False,True,
Web_053_18428,XXUUXUBA,3,150.15707397460938,2.0668623447418213,19.50359916687012,False,True,
Web_054_18822,XXUBXUSS,3,149.89942932128906,2.0772595405578613,19.996999740600582,False,True,
Web_055_15924,XXSXXBBX,3,149.8668670654297,2.051734209060669,18.77009963989257,False,True,
Web_055_6364,XXUBXUSS,3,149.73770141601562,1.9970920085906985,19.48189926147461,True,True,COSJ095857+015949
Web_063_9613,XXUXXAXS,3,150.4905242919922,2.2353551387786865,19.942100524902344,True,True,COSJ100157+021407
Web_064_23569,XXUXUUAS,3,150.33700561523438,2.2795093059539795,18.143999099731445,True,True,COSJ100120+021646
Web_064_26096,XXBXXBBX,3,150.2628936767578,2.2672278881073,19.63689994812012,False,True,
Web_067_22804,XXUBXUSS,3,149.845703125,2.2599358558654785,18.39119911193848,False,True,
Web_067_24347,SXUXXUSS,3,149.85678100585938,2.293191432952881,19.085899353027344,False,True,
Web_075_12931,XXUBUUSS,3,150.45054626464844,2.3903305530548096,18.46839904785156,False,True,
Web_075_26953,XXUXXUBA,3,150.4516143798828,2.456782817840576,20.56719970703125,True,True,COSJ100148+022724
Web_077_15935,XXUBXXXA,3,150.06161499023438,2.388056993484497,19.44650077819824,False,True,
Web_077_17918,XXUBXUBS,3,150.21914672851562,2.407499074935913,17.08169937133789,False,True,
Web_077_19652,XXUXXBBS,3,150.16444396972656,2.4088449478149414,21.2450008392334,False,True,
Web_078_8044,XXBXXUBS,3,150.0526123046875,2.3377034664154053,18.794300079345703,True,True,COSJ100012+022015
Web_088_15041,XXXXXBSB,3,150.22793579101562,2.5507490634918213,20.379600524902344,False,True,
Web_090_204,XXUBXXXA,3,149.9453887939453,2.4617385864257812,19.715200424194336,False,True,
Web_090_4261,XXBUXUBS,3,149.8995819091797,2.487135410308838,21.09309959411621,False,True,
Web_102_1468,XXUXXXBA,3,149.96633911132812,2.6352274417877197,19.71629905700684,False,True,
COS_16675,XXUXXXXA,2,150.10542655,2.1852226133,20.2024,False,True,
COS_17043,XXSXXXXS,2,150.08199495,2.190037946,19.3969,False,True,
COS_22172,XXUBUXXS,2,150.09499254,2.2136048751,19.9815,False,True,
COS_24040,XXXBXUXS,2,150.0592602,2.2198110914,19.9382,False,True,
COS_24392,XXSXXXXS,2,150.12093445,2.2271227115,18.6618,False,True,
COS_25867,XXSXXXXS,2,150.12591227,2.230162432,20.4709,False,True,
COS_26258,XXXBXXXS,2,150.06492781,2.2323412192,19.2655,False,True,
COS_26430,XXSXUXXS,2,150.07105223,2.2330387883,19.3957,False,True,
COS_27654,XXBBXUXX,2,150.10374663,2.2376591017,19.3626,False,True,
COS_34047,XXUBXUXS,2,150.1771496,2.2592474815,19.8126,False,True,
COS_39546,XXUUUBXB,2,150.11459258,2.2848246063,18.9658,False,True,
COS_47212,XXSXXXXS,2,150.08769997,2.3040871501,19.7055,False,True,
COS_4836,XXSXUUXS,2,150.12838619,2.127002359,19.9615,False,True,
COS_51053,XXSXUXXS,2,150.16879341,2.315451024,19.6153,False,True,
COS_53034,XXUUBUXB,2,150.09323487,2.3208345235,20.4441,False,True,
COS_61915,XXSXXUXS,2,150.13340357,2.3522770255,20.6902,False,True,
COS_63217,XXBXXXXS,2,150.07941095,2.358107678,19.344,False,True,
COS_6351,XXSUUXXS,2,150.13328223,2.1591870211,19.9606,False,True,
COS_64318,XXSXXXXS,2,150.08561228,2.3641081675,18.2687,False,True,
COS_65947,XXSXXXXS,2,150.14107253,2.3709036644,18.1724,False,True,
COS_71777,XXSXXXXS,2,150.1190283,2.3912954542,19.1862,False,True,
COS_73886,XXSXXXXS,2,150.06781636,2.3956806919,20.3639,False,True,
COS_8793,XXSXUXXS,2,150.06411776,2.1564825564,19.6541,False,True,
COS_91522,XXSXXXXS,2,150.00710765,2.4534405741,18.932,False,True,
EGS_31724,XXUXUXSS,2,214.88891322,52.883567915,19.2826,False,False,
EGS_34307,XXUUUXSS,2,214.71370406,52.763260943,21.7681,False,False,
EGS_41515,XXUXXUSS,2,214.98871939,52.990614225,19.2142,False,False,
EGS_42536,XXUXXUSS,2,214.76032253,52.830575274,20.3816,False,False,
GSN_11945,XXUBUXUS,2,189.2580669,62.17348299,19.8735,False,False,
GSN_20380,XXUUXUBS,2,189.18891418,62.198481275,20.6718,False,False,
GSN_25568,XXSXXXXS,2,189.4108536,62.214775258,19.5301,False,False,
GSN_42546,XXSXXXXS,2,189.31821814,62.253420324,19.1128,False,False,
GSN_76296,XXUXUXUA,2,189.24928681,62.326162472,20.3275,False,False,
GSS_10140,XXUXXXSB,2,53.164170745,-27.903264431,19.3588,False,False,
GSS_107788,XXSXXXXS,2,53.078044556,-27.737743288,20.347,False,False,
GSS_118761,XXXXXXSS,2,53.036742169,-27.71376348,21.6987,False,False,
GSS_120048,XXUXXUUA,2,53.199561845,-27.709086159,18.7893,False,False,
GSS_121563,XXUBXUXS,2,53.033497954,-27.705836163,20.6147,False,False,
GSS_123536,XXSXXXXS,2,53.061032316,-27.693500131,20.3058,False,False,
GSS_125197,XXSXXXXS,2,53.163195035,-27.674044371,20.3015,False,False,
GSS_13254,XXUXXUXA,2,53.06489076,-27.899724029,20.0589,False,False,
GSS_18007,XXBUXUXB,2,53.102257391,-27.887777082,21.2453,False,False,
GSS_27790,XXXXXAXX,2,53.302584285,-27.875494601,19.3524,False,False,
GSS_35658,XXUXXXSS,2,53.300027571,-27.864297512,20.3368,False,False,
GSS_41656,XXUXXBXB,2,53.233238536,-27.850262206,21.2908,False,False,
GSS_91018,XXUXUBXB,2,52.97179084,-27.771999049,19.3179,False,False,
UDS_1707,XXUXUBUS,2,34.340025403,-5.3167241515,19.1407,False,False,
UDS_39097,XXUBXXXS,2,34.278517556,-5.2251532114,20.0799,False,False,
UDS_39756,XXXXXUXA,2,34.394144759,-5.2203718278,19.169,False,False,
UDS_40742,XXUXXUSS,2,34.408385514,-5.2193946904,20.1088,False,False,
UDS_43089,XXXXXXXA,2,34.357154425,-5.2121363563,19.847,False,False,
UDS_55923,XXUXXBBU,2,34.238786889,-5.1680727446,19.1172,False,False,
UDS_6225,XBXXXUXS,2,34.397205787,-5.2977402132,18.7513,False,False,
UDS_69193,XXSXXXXB,2,34.328082513,-5.1330277158,19.7412,False,False,
UDS_82168,XXUBUUXS,2,34.379549621,-5.0923710628,20.0371,False,False,
Web_029_222,XXXUXXUA,2,150.21038818359375,1.7912815809249878,17.872800827026367,True,True,COSJ100050+014728
Web_040_14717,XBUUXUUS,2,150.29220581054688,1.9041928052902224,20.473800659179688,True,True,COSJ100110+015415
Web_040_16674,XXUXXXSS,2,150.353271484375,1.918801188468933,18.976900100708008,False,True,
Web_040_7283,XXXXXXXA,2,150.27687072753906,1.851771116256714,19.38010025024414,False,True,
Web_041_16155,XXUXXXXA,2,150.21478271484375,1.9034736156463623,19.32159996032715,False,True,
Web_041_21399,XXUXXXUA,2,150.0717315673828,1.947839379310608,19.187000274658203,False,True,
Web_042_6459,XXBXXXXB,2,149.90444946289062,1.8922114372253416,20.526899337768555,False,True,
Web_043_3776,XXUXXUXA,2,149.80079650878906,1.942302942276001,20.23929977416992,False,True,
Web_043_7062,UXBXUUXB,2,149.8795928955078,1.9567949771881104,20.005800247192383,False,True,
Web_051_3274,XXUXXUXA,2,150.4271697998047,2.0830495357513428,19.43320083618164,False,True,
Web_052_2127,XXUXXXSS,2,150.25259399414062,1.9717971086502075,20.34650039672852,False,True,
Web_052_4088,XXUXXXAX,2,150.23907470703125,1.984972596168518,19.398399353027344,False,True,
Web_053_24134,XXUXXUXA,2,150.2187957763672,2.11371111869812,20.292200088500977,False,True,
Web_054_18679,XXUXXXXA,2,149.96356201171875,2.0756077766418457,19.71759986877441,False,True,
Web_055_24279,XXUBXUXS,2,149.85618591308594,2.112128496170044,20.427000045776367,True,True,COSJ095925+020643
Web_055_3430,XXXXXBXS,2,149.8339385986328,1.981016993522644,19.15169906616211,True,True,COSJ095920+015851
Web_056_4719,XXUBXXXS,2,149.69467163085938,2.0523552894592285,20.12159919738769,False,True,
Web_063_10025,XXUXXAXX,2,150.42413330078125,2.2400805950164795,20.309799194335938,False,True,
Web_063_8713,XXUXXUSS,2,150.43531799316406,2.2294857501983643,18.94219970703125,False,True,
Web_064_8527,XXXXXXBB,2,150.29275512695312,2.176292657852173,20.40530014038086,False,True,
Web_065_1671,XXUXXXBS,2,150.18751525878906,2.1349611282348633,20.32200050354004,False,True,
Web_065_24445,XXUBXUXB,2,150.13978576660156,2.2796382904052734,19.957199096679688,False,True,
Web_066_13206,XXUXXUXA,2,149.99266052246094,2.202253580093384,19.425800323486328,False,True,
Web_066_13776,XXUBXXXS,2,150.02239990234375,2.2045977115631104,19.072799682617188,False,True,
Web_066_2009,XXUBXUXS,2,150.03187561035156,2.1376776695251465,20.20389938354492,False,True,
Web_066_5710,XXUXXXSB,2,150.01197814941406,2.1589605808258057,19.86440086364746,True,True,COSJ100002+020932
Web_066_619,XXUBXXXS,2,150.0587921142578,2.130201578140259,19.57229995727539,False,True,
Web_067_12427,XXUBXXXS,2,149.7607421875,2.201223611831665,19.459800720214844,False,True,
Web_067_18835,XXBXXUXS,2,149.8887176513672,2.244446039199829,20.66679954528809,False,True,
Web_067_20489,XXUXXXXA,2,149.8558349609375,2.270448923110962,19.94540023803711,False,True,
Web_067_3107,XXXXXXXA,2,149.85142517089844,2.1452383995056152,19.32439994812012,False,True,
Web_067_902,BXXXXXUB,2,149.8006591796875,2.13106632232666,20.308799743652344,True,True,COSJ095912+020751
Web_075_10640,XXUXXUXA,2,150.4812774658203,2.366058588027954,20.61910057067871,False,True,
Web_075_17587,XXXXXXSS,2,150.45774841308594,2.410630941390991,19.832000732421875,False,True,
Web_075_22883,XXUUXUXA,2,150.3944854736328,2.4459800720214844,19.435300827026367,False,True,
Web_075_23806,XXUBXXXB,2,150.52127075195312,2.4388298988342285,20.80909919738769,False,True,
Web_075_7201,XXUXXXXA,2,150.4210968017578,2.3440282344818115,20.23979949951172,False,True,
Web_076_2897,XXUXXXXA,2,150.31854248046875,2.3116462230682373,20.368099212646484,False,True,
Web_076_30151,XXUXXXXA,2,150.29197692871094,2.4581329822540283,19.255800247192383,False,True,
Web_077_1640,XXUUUXXA,2,150.133056640625,2.3032498359680176,19.26729965209961,False,True,
Web_078_1540,XXUBXXXS,2,149.9956817626953,2.300668478012085,20.35059928894043,False,True,
Web_078_17686,XXUXXUXA,2,149.95285034179688,2.3862857818603516,19.113800048828125,False,True,
Web_078_3980,XXXXXXSS,2,149.9173583984375,2.3140761852264404,20.28919982910156,False,True,
Web_078_4236,XXUXXXXA,2,149.98324584960938,2.317147016525269,19.142200469970703,True,True,COSJ095955+021900
Web_078_6,XXBXXUXS,2,150.05087280273438,2.294180393218994,20.17140007019043,False,True,
Web_078_7473,XXUXXXUA,2,150.00204467773438,2.3322508335113525,19.955299377441406,False,True,
Web_079_7285,XXUBXXXS,2,149.85397338867188,2.3585469722747803,18.90539932250977,True,True,COSJ095924+022130
Web_087_5649,XXUBXUXS,2,150.40968322753906,2.5116324424743652,19.57859992980957,True,True,COSJ100138+023041
Web_088_12754,XXXBXXXS,2,150.27267456054688,2.5343658924102783,19.478599548339844,False,True,
Web_088_2359,XXXXXUXA,2,150.28872680664062,2.4732913970947266,19.92620086669922,False,True,
Web_088_3429,XXXXXUBS,2,150.39573669433594,2.4814255237579346,19.257299423217773,False,True,
Web_088_3877,XXXXXXXA,2,150.34686279296875,2.485006332397461,19.76000022888184,False,True,
Web_088_5394,XXUXXXXA,2,150.24819946289062,2.489112138748169,20.263900756835938,False,True,
Web_088_7891,XXUBXUXS,2,150.29727172851562,2.503422975540161,19.825300216674805,False,True,
Web_089_15872,XXUXXUBS,2,150.20343017578125,2.556863307952881,20.48699951171875,False,True,
Web_089_17421,XXUXXXXA,2,150.21023559570312,2.5655481815338135,19.154699325561523,False,True,
Web_089_25455,XXXXXXXA,2,150.12908935546875,2.595686674118042,18.29640007019043,False,True,
Web_089_4843,XXUBXUXS,2,150.19656372070312,2.492004156112671,19.285600662231445,True,True,COSJ100047+022931
Web_090_10412,XXUXXXXA,2,149.9234619140625,2.5249550342559814,19.791400909423828,False,True,
Web_090_15206,XXUXXXSS,2,149.91065979003906,2.5546505451202393,18.4650993347168,False,True,
Web_090_16303,XXUXXXXA,2,149.9034881591797,2.559549570083618,20.57080078125,False,True,
Web_090_18802,SXXXXXXB,2,149.9932403564453,2.5743777751922607,19.64609909057617,False,True,
Web_090_250,XXBXXXXB,2,150.00193786621094,2.4608659744262695,20.83679962158203,False,True,
Web_090_25727,XXBXXXXB,2,149.92286682128906,2.5948901176452637,20.51469993591309,False,True,
Web_091_3820,XXUXXXXA,2,149.88607788085938,2.575356721878052,19.32159996032715,False,True,
Web_101_78,XXUBXUXS,2,150.0771942138672,2.6282191276550293,19.82360076904297,True,True,COSJ100018+023741
COS_102407,XXXXXUXB,1,150.17219883,2.4845764258,20.0732,False,True,
COS_106788,XXXXXUBX,1,150.06658064,2.5010997109,20.043,False,True,
COS_10684,XXXUXXXB,1,150.06407073,2.1611243978,20.0473,False,True,
COS_10817,XXUXXXXS,1,150.07373239,2.1593585431,20.1866,False,True,
COS_108922,XXUXXXXB,1,150.07692525,2.5105969636,20.8928,False,True,
COS_110604,XXXXXXXS,1,150.06921281,2.5231892519,19.0182,False,True,
COS_11383,XXUXXXXS,1,150.07149605,2.1623851566,19.4363,False,True,
COS_11452,XXXUXXXS,1,150.14690455,2.1620599956,19.4914,False,True,
COS_12349,XXUXXUXS,1,150.0681046,2.1656197825,19.4581,True,True,COSJ100016+020956
COS_1376,XXUXXXXS,1,150.09482728,2.1041917961,20.1633,False,True,
COS_15256,XXUXXXXB,1,150.09472178,2.1749717218,19.9234,False,True,
COS_17171,XXUXXXXS,1,150.0738055,2.189355535,19.4682,False,True,
COS_18005,XXXXXXXS,1,150.11027443,2.1939764765,19.2937,False,True,
COS_18868,XXXXXXXS,1,150.06817787,2.1947207311,23.3003,False,True,
COS_20012,XXUUUUXS,1,150.09256448,2.2030080223,20.0656,False,True,
COS_20119,XXUXXXXS,1,150.09261865,2.2064475443,20.0048,False,True,
COS_21202,XXXXXXXS,1,150.067782,2.2104020339,20.9588,False,True,
COS_2323,XXUUXXXB,1,150.12985626,2.1109019427,19.2293,False,True,
COS_26290,XXXXXXXB,1,150.13700273,2.232228095,20.6608,False,True,
COS_28660,XXUXXXXB,1,150.14332349,2.2394793893,20.7619,False,True,
COS_2915,XXXXXXXS,1,150.12835895,2.1133909062,19.7042,False,True,
COS_3162,XXXXXXXS,1,150.11955636,2.1171767441,19.2291,False,True,
COS_32583,XXUXXXXS,1,150.0858267,2.2569895385,20.3377,False,True,
COS_38859,XXUBXXXX,1,150.06248959,2.2751372023,20.3183,False,True,
COS_39014,XXUXXXXB,1,150.15395573,2.2761947992,19.3171,False,True,
COS_39980,XXUXUUXS,1,150.07395557,2.2822835113,19.243,False,True,
COS_41092,XXUUUXXS,1,150.18447682,2.2823247075,20.1653,False,True,
COS_43619,XXUXXXXS,1,150.05794287,2.2903711713,19.6104,False,True,
COS_43879,XXXXXXXS,1,150.10287697,2.2926914102,19.6083,False,True,
COS_45856,XXXUUUXS,1,150.07485728,2.2986636314,19.2626,False,True,
COS_46719,XXXXXXXS,1,150.16683605,2.3011633333,19.2724,False,True,
COS_46840,XXUXXUXB,1,150.10548209,2.2999833364,21.1274,False,True,
COS_47653,XXXXXXXB,1,150.05612446,2.3042911158,19.246,False,True,
COS_49255,XXXXXXXS,1,150.09837677,2.3082663403,19.7111,False,True,
COS_50985,XXXXXXXB,1,150.15661208,2.3132028057,21.4617,False,True,
COS_52767,XXXXXXXS,1,150.15291325,2.3228957938,19.1842,False,True,
COS_53967,XXXXUUXS,1,150.11473361,2.3327835843,18.1358,False,True,
COS_55482,XXUXXBXU,1,150.09760788,2.329125189,20.1572,False,True,
COS_56871,XXXBXXXX,1,150.14721642,2.3371861463,18.8405,False,True,
COS_56953,XXXXXXXB,1,150.12802805,2.3356395385,20.3747,False,True,
COS_59850,XXXXXXXS,1,150.13113546,2.3483349242,18.4837,False,True,
COS_63221,XXXXXXXS,1,150.18255127,2.3562940916,21.8498,False,True,
COS_72806,XXUXXXXS,1,150.12179758,2.394576583,19.2206,False,True,
COS_78465,XXSXXXXU,1,150.17037618,2.4122492431,19.6186,False,True,
COS_78744,XXUXUXXB,1,150.09079057,2.4133030218,20.3885,False,True,
COS_78964,XXXXXXXS,1,150.04060718,2.4155019088,19.1423,False,True,
COS_79201,XXUXUXXS,1,150.15836743,2.4153941564,19.4976,True,True,COSJ100038+022455
COS_82161,XXXXUXXS,1,150.17540708,2.4261036436,18.7935,False,True,
COS_84706,XXXXXXXS,1,150.01738642,2.4301427177,22.6045,False,True,
COS_84939,XXXXXUXS,1,150.03347902,2.4358891315,18.5454,False,True,
COS_85319,XXXUUXXS,1,150.0425135,2.4338166434,19.4761,True,True,COSJ100010+022601
COS_86782,XXXXXXXS,1,150.10217388,2.438345751,20.0019,False,True,
COS_89885,XXXXXXXB,1,150.05556977,2.449155954,18.6811,False,True,
COS_91121,XXUXXXXB,1,150.15679557,2.4530613922,19.8067,False,True,
COS_92091,XXUXXXXS,1,150.06215454,2.4550236285,19.4386,False,True,
COS_93623,XXXXXXXS,1,150.03656789,2.4570357922,20.4528,False,True,
COS_947,XXXXXUXS,1,150.12212479,2.1037285522,19.5225,False,True,
COS_94812,XUUXXXXB,1,150.09116007,2.4586953409,20.6857,False,True,
COS_95834,XXXXXXXB,1,150.02343594,2.4643850542,19.8211,False,True,
EGS_10817,XXUXXXXB,1,214.96685046,52.85421755,20.3788,False,False,
EGS_23332,XXUXXXXB,1,214.78515173,52.775244093,19.547,False,False,
EGS_24,XXUXXXXS,1,215.10462174,52.8481385,18.6114,False,False,
EGS_2582,XXXXXXXS,1,215.04711182,52.874862686,19.0318,False,False,
EGS_27677,XXUXXXXS,1,214.80997024,52.808330769,19.203,False,False,
EGS_27850,XXXXXXXB,1,214.83493198,52.825806047,19.851,False,False,
EGS_28209,XXXXXXXB,1,214.73211964,52.751969872,20.3911,False,False,
EGS_31245,XXUXXXXB,1,214.81232561,52.825030824,18.8945,False,False,
EGS_3203,XXUXXXXB,1,215.03284078,52.873443798,21.1568,False,False,
EGS_33606,XXUXXXXS,1,214.80258792,52.826906684,19.8777,False,False,
EGS_7868,XXUXXXXB,1,215.1355626,52.964048048,20.3186,False,False,
EGS_8304,XXUXXXXB,1,214.79653335,52.731333707,19.8079,False,False,
EGS_8847,XXUXXXXB,1,215.06797119,52.919742253,20.1977,False,False,
GSN_15623,XXUXXXXB,1,189.28180469,62.186695243,20.3928,False,False,
GSN_19548,XXUXXXXS,1,189.31629983,62.199742493,18.3507,False,False,
GSN_19849,XXXXXXUS,1,189.39099652,62.194184568,21.7636,False,False,
GSN_21721,XXUXXXXS,1,189.23949769,62.202940266,19.7392,False,False,
GSN_2350,XXXXXXXS,1,189.22839771,62.146484335,19.573,False,False,
GSN_24837,XXXUXXXB,1,189.15159646,62.210387163,20.3837,False,False,
GSN_27540,XXUXXUXS,1,189.2003191,62.219180118,19.7193,False,False,
GSN_28018,XXXXXXXB,1,189.17779501,62.218327488,20.8051,False,False,
GSN_28050,XXXXXXXS,1,189.43806945,62.222923858,18.5384,False,False,
GSN_31334,XXUXXSXU,1,189.34740112,62.225863686,21.1223,False,False,
GSN_31744,XXUXXUXS,1,189.5237928,62.225950192,20.1272,False,False,
GSN_37212,XXUXXXXB,1,189.20126893,62.240727802,19.3801,False,False,
GSN_38473,XXUXXUXB,1,189.5812465,62.239893172,19.9648,False,False,
GSN_38875,XXXUXXXS,1,189.24517205,62.24303482,19.4311,False,False,
GSN_49816,XXXXXXXS,1,189.10656768,62.263634017,21.2165,False,False,
GSN_51148,XXXBXXXX,1,189.11446453,62.268067042,20.2468,False,False,
GSN_51216,XXUXXUXS,1,189.12202401,62.270489375,19.7847,False,False,
GSN_51410,XXXXXXXS,1,189.0981042,62.278526993,19.702,False,False,
GSN_52148,XXUXXUUS,1,189.43043627,62.270575472,20.6157,False,False,
GSN_52150,XXXXXXXS,1,189.08849881,62.271779321,19.7495,False,False,
GSN_54109,XXUXUUXS,1,188.98604071,62.275135239,20.432,False,False,
GSN_60097,XXXXXXXS,1,189.36079482,62.287092757,19.9936,False,False,
GSN_60303,XXUXXXXS,1,189.00643068,62.286780913,20.6001,False,False,
GSN_60409,XXXXXXXS,1,189.06406513,62.287910478,20.0459,False,False,
GSN_61284,XXXXXXXS,1,189.4733278,62.288850531,20.1396,False,False,
GSN_62310,XXUXXXXS,1,189.48366228,62.290288148,20.2254,False,False,
GSN_6377,XXXXXXXS,1,189.37768274,62.161585243,19.0372,False,False,
GSN_65900,XXXXXXXS,1,189.44076623,62.296857161,20.7242,False,False,
GSN_6784,XXUXXUXS,1,189.3033176,62.15940351,19.8821,False,False,
GSN_6801,XXUUXUXB,1,189.33602652,62.159841931,19.7619,False,False,
GSN_77473,XXXXXXXS,1,189.27163918,62.330789677,19.9987,False,False,
GSN_84150,XXXXXXXB,1,189.27282345,62.356547011,19.253,False,False,
GSN_9154,XXUXXXXS,1,189.37401297,62.164324499,20.9599,False,False,
GSS_105961,XXUXXXXS,1,53.088671651,-27.743223552,19.3416,False,False,
GSS_114080,XXXXXXXS,1,53.041830228,-27.7258672,19.2644,False,False,
GSS_116163,XXXXXXXS,1,53.097516921,-27.721260837,19.5657,False,False,
GSS_117040,XXUUXXXB,1,53.01291907,-27.71809607,20.038,False,False,
GSS_118479,XXXXXUXS,1,53.05513726,-27.711371019,18.8881,False,False,
GSS_119862,XXUXXXXB,1,53.062403291,-27.706914806,18.9349,False,False,
GSS_120302,XXUXBUUX,1,53.03555531,-27.704930333,19.5856,False,False,
GSS_121524,XXUXXXXB,1,53.081157586,-27.704670177,20.0414,False,False,
GSS_124357,XXUXXXXS,1,53.158765272,-27.687107253,19.9257,False,False,
GSS_124449,SXUXXXXX,1,53.185143569,-27.685575814,19.0451,False,False,
GSS_1386,XXXXXXSX,1,53.064451351,-27.932078346,19.2723,False,False,
GSS_21399,XXUXXXXB,1,53.302002002,-27.885326869,19.908,False,False,
GSS_22331,XXUXXXXS,1,53.135800373,-27.880767027,20.4956,False,False,
GSS_23808,XXXXXXXB,1,53.065666077,-27.87886218,20.9144,False,False,
GSS_29888,XXUXXXXB,1,53.05127896,-27.870114961,20.4375,False,False,
GSS_31543,XXUXXXXB,1,53.324982117,-27.867395175,20.3657,False,False,
GSS_32634,XXUXXXXS,1,53.285629285,-27.864074934,20.3183,False,False,
GSS_32686,XXXXXXXS,1,53.258458598,-27.864964631,21.7824,False,False,
GSS_33967,XXXXXXXS,1,53.283008923,-27.86409954,21.734,False,False,
GSS_3540,XXUXXUXS,1,53.114299655,-27.92233742,19.3783,False,False,
GSS_37669,XXXXXXXS,1,53.320742452,-27.861529859,19.6569,False,False,
GSS_50906,XXXXXXXB,1,53.137483802,-27.841700134,19.3405,False,False,
GSS_54344,XXUXXXXB,1,53.136174284,-27.836448994,19.3628,False,False,
GSS_57452,XXXXXXXS,1,53.161754983,-27.832295374,18.8729,False,False,
GSS_57630,XXXXXXXB,1,53.057729482,-27.830740727,19.6974,False,False,
GSS_57726,XXXXXXXB,1,53.075129344,-27.831417199,18.8739,False,False,
GSS_57737,XXXXXXXS,1,53.056169355,-27.831346495,19.9021,False,False,
GSS_60128,XXUXXXXB,1,52.957402728,-27.827682759,19.2037,False,False,
GSS_79382,XXUXXUXB,1,53.004995298,-27.796516133,20.6659,False,False,
GSS_79816,XXUXXXXS,1,53.155445362,-27.791486943,18.6806,False,False,
GSS_80529,XXXXXXXS,1,53.188421321,-27.793666437,21.6028,False,False,
GSS_81634,XXXXXXXS,1,53.16946874,-27.791938009,20.2208,False,False,
GSS_83692,XXUXXXXS,1,53.017024466,-27.786788706,19.6995,False,False,
GSS_89730,XXUXXXXS,1,53.162348335,-27.775057878,20.5616,False,False,
GSS_91411,XXUXXXXS,1,53.119717623,-27.772304556,19.9199,False,False,
GSS_91495,XXXXXXXS,1,53.136744475,-27.768814222,18.922,False,False,
GSS_92532,XXXUXXXS,1,53.137572789,-27.76910659,21.0007,False,False,
GSS_94797,XXXXXXXS,1,53.142466088,-27.764944618,20.8351,False,False,
UDS_10704,UXUXXXXB,1,34.519561002,-5.2919263746,19.8761,False,False,
UDS_13667,XXXXXXXS,1,34.458358662,-5.2886336307,20.0332,False,False,
UDS_15551,XXXXXXXS,1,34.303751361,-5.2817516081,18.6246,False,False,
UDS_20273,XXXXXXXS,1,34.299803469,-5.2711557417,20.0922,False,False,
UDS_20613,XXXXXXXS,1,34.284567774,-5.2698831617,20.0847,False,False,
UDS_22164,XXUXXUUS,1,34.411201418,-5.2647165612,19.1844,False,False,
UDS_25176,XXXXXXXS,1,34.364239141,-5.2557616374,19.8722,False,False,
UDS_25657,XXUXXXXS,1,34.272837565,-5.2582955905,21.0883,False,False,
UDS_38492,XXXXXXXS,1,34.387389236,-5.2254715947,19.2908,False,False,
UDS_40923,XXXXXXXS,1,34.23026694,-5.217727225,19.3115,False,False,
UDS_41556,XXUXXXXS,1,34.370970944,-5.2165025354,18.9466,False,False,
UDS_42005,XXXXXXXS,1,34.475454581,-5.2138752989,19.1698,False,False,
UDS_4315,XXXXXUXS,1,34.387708909,-5.3103047604,19.5897,False,False,
UDS_45138,XXXXXXXS,1,34.37562228,-5.2040104612,20.2274,False,False,
UDS_45682,XXUXXXXS,1,34.355939236,-5.1983706071,19.2248,False,False,
UDS_46172,XXXXXXXS,1,34.324261949,-5.2013672475,20.2483,False,False,
UDS_47215,XXXXXXXS,1,34.401701185,-5.1965419046,19.5594,False,False,
UDS_50108,XXXXXXXB,1,34.365680523,-5.1862975088,20.6177,False,False,
UDS_50557,XXUXUSXX,1,34.249609945,-5.1840509931,18.9819,False,False,
UDS_52226,XXUXXUXB,1,34.255657611,-5.1802598982,20.6819,False,False,
UDS_52833,XXXXXXXB,1,34.425832259,-5.1787940535,20.4426,False,False,
UDS_53401,XXXXXUXS,1,34.497807203,-5.1760852097,19.0476,False,False,
UDS_53671,XXXXXUXS,1,34.326981996,-5.1744598637,19.3036,False,False,
UDS_55218,XXUXXUXB,1,34.323336065,-5.1708444798,19.8173,False,False,
UDS_5825,XXXXXXXS,1,34.294186026,-5.3057852272,20.2852,False,False,
UDS_58608,XXXXXUXS,1,34.373510586,-5.1632463178,19.98,False,False,
UDS_58638,XXXXXXXS,1,34.37452164,-5.1634811714,21.0864,False,False,
UDS_65497,XXXXXXXS,1,34.374712775,-5.1456118219,20.3878,False,False,
UDS_66468,XXXXXXXS,1,34.299865377,-5.1397859687,19.672,False,False,
UDS_70853,XXXXXXXS,1,34.375005107,-5.1309726487,20.7384,False,False,
UDS_73017,XXXXXXXS,1,34.341039412,-5.124113079,19.135,False,False,
UDS_74386,XXXXXXXS,1,34.433934707,-5.1229947433,20.6771,False,False,
UDS_77552,XXXXXXXS,1,34.423943842,-5.1134592281,20.4949,False,False,
UDS_80314,XXUXXXXB,1,34.189907041,-5.0681043237,20.2128,False,False,
UDS_81782,XXXXXXXB,1,34.345794396,-5.0921432504,20.1546,False,False,
UDS_83884,XXUXXXXS,1,34.487310333,-5.0968913448,19.2155,False,False,
UDS_84902,XXXXXXXB,1,34.330952245,-5.0983928092,20.2029,False,False,
UDS_85903,XXUXXUXS,1,34.375860941,-5.1012990932,19.8018,False,False,
UDS_878,XXXXXXXS,1,34.337533477,-5.3204218085,19.2693,False,False,
UDS_88703,XXXXXXXB,1,34.195492432,-5.0785507028,19.4225,False,False,
UDS_89583,XXXXXXXS,1,34.293481544,-5.0774434872,19.5822,False,False,
Web_028_1983,XXXXXXXS,1,150.25123596191406,1.7798097133636477,19.617900848388672,False,True,
Web_028_3615,XXXXXXXS,1,150.24298095703125,1.764761447906494,19.50919914245605,False,True,
Web_029_1748,XXUXXXXS,1,150.22494506835938,1.7601337432861328,19.41519927978516,False,True,
Web_040_10232,XXUXXXXB,1,150.26739501953125,1.872990965843201,20.458799362182617,False,True,
Web_040_12443,XXXXXXXS,1,150.312744140625,1.8890429735183716,20.621000289916992,False,True,
Web_040_13360,XXXXXXXB,1,150.3006134033203,1.8953527212142944,20.03009986877441,False,True,
Web_040_15112,XXUXXUSX,1,150.2887420654297,1.9100407361984253,18.67720031738281,True,True,COSJ100109+015436
Web_040_15388,XXUXXXXB,1,150.25726318359375,1.9096659421920776,20.15290069580078,False,True,
Web_040_15727,XXUXXXXB,1,150.2621612548828,1.9126007556915283,19.496000289916992,False,True,
Web_040_19886,XXXXXUXS,1,150.25335693359375,1.9481089115142824,19.056299209594727,True,True,COSJ100100+015653
Web_040_20690,XXXXXXXS,1,150.2325897216797,1.9425935745239256,18.42060089111328,False,True,
Web_040_20716,XXXXXXXS,1,150.29319763183594,1.9433749914169312,19.122499465942383,False,True,
Web_040_21540,XXUXXXXS,1,150.36009216308594,1.937106966972351,20.80419921875,False,True,
Web_040_21814,XXXXXXXS,1,150.27337646484375,1.9342221021652224,19.132099151611328,False,True,
Web_040_21875,XXXXXXXS,1,150.3608856201172,1.9315000772476196,19.97719955444336,False,True,
Web_040_22328,XXXXXXXS,1,150.32923889160156,1.929925560951233,20.80190086364746,False,True,
Web_040_5562,XXUXXUXS,1,150.27847290039062,1.840351939201355,19.47780036926269,True,True,COSJ100106+015025
Web_041_10990,XXXXXXXB,1,150.14202880859375,1.8707399368286133,19.87240028381348,False,True,
Web_041_16417,XXXXXXXS,1,150.21084594726562,1.906010389328003,19.078399658203125,True,True,COSJ100050+015421
Web_041_1942,XXUXXXXB,1,150.19561767578125,1.8093531131744385,20.50609970092773,False,True,
Web_041_19681,XXUXXUXB,1,150.06512451171875,1.92276930809021,20.433399200439453,False,True,
Web_041_20599,XXUXXXXB,1,150.1764373779297,1.9552314281463623,20.22100067138672,False,True,
Web_041_23258,XXUXXXXB,1,150.15780639648438,1.934154748916626,20.81570053100586,False,True,
Web_041_9964,XXUXXXBU,1,150.17835998535156,1.868001699447632,18.428800582885746,False,True,
Web_042_15448,XXUUXXXS,1,150.0621795654297,1.9472594261169431,19.802000045776367,False,True,
Web_042_5176,XXUXXUXB,1,150.04151916503906,1.88653826713562,19.063899993896484,False,True,
Web_043_1089,XXXXXXXS,1,149.82632446289062,1.9154670238494873,19.22640037536621,False,True,
Web_043_1211,XXUXXXXS,1,149.87318420410156,1.913166880607605,19.863800048828125,False,True,
Web_043_1985,XXUXXXXB,1,149.88963317871094,1.9199094772338867,19.520000457763672,False,True,
Web_043_2015,XXXXXXXS,1,149.8475341796875,1.9232956171035769,19.03350067138672,False,True,
Web_043_4898,XXUXXXXS,1,149.8237762451172,1.933824896812439,20.68869972229004,False,True,
Web_043_828,XXUXXXXS,1,149.82203674316406,1.907814860343933,20.25830078125,False,True,
Web_051_4198,XXXXXXXB,1,150.4229736328125,2.092052459716797,19.150999069213867,False,True,
Web_051_5104,XXUXXUXB,1,150.44236755371094,2.1184511184692383,20.232999801635746,False,True,
Web_051_5265,XXYXXUXB,1,150.42001342773438,2.1090006828308105,18.445499420166016,True,True,COSJ100140+020632
Web_051_717,XXXXXXBU,1,150.3946533203125,2.01532244682312,19.83259963989257,False,True,
Web_052_12513,XXUXXXXB,1,150.2985076904297,2.0321273803710938,20.31430053710937,False,True,
Web_052_13579,XXXXXXBX,1,150.28506469726562,2.043085813522339,19.777000427246097,False,True,
Web_052_13701,XXUXXXXS,1,150.2798614501953,2.040592670440674,19.93919944763184,False,True,
Web_052_15272,XXUXXXXS,1,150.23880004882812,2.0538129806518555,19.64739990234375,False,True,
Web_052_16390,XXBXXUXU,1,150.26174926757812,2.0546557903289795,19.08289909362793,False,True,
Web_052_17446,XXUXXXXS,1,150.3372802734375,2.0605835914611816,19.23889923095703,False,True,
Web_052_18815,XXUXXUXS,1,150.3791046142578,2.0674102306365967,19.95369911193848,False,True,
Web_052_206,XXUXXUXS,1,150.26576232910156,1.963070511817932,18.61639976501465,True,True,COSJ100103+015747
Web_052_2113,XXBXXXUX,1,150.26519775390625,1.9732017517089844,19.90390014648437,False,True,
Web_052_21425,XXUXXUUS,1,150.2758331298828,2.081420660018921,20.724000930786133,False,True,
Web_052_22754,XXUXXXXB,1,150.35804748535156,2.088531970977783,19.861299514770508,False,True,
Web_052_2310,XXUXXXXB,1,150.33229064941406,1.9726232290267944,20.5231990814209,False,True,
Web_052_23285,XXUXXUXS,1,150.37037658691406,2.1197879314422607,19.4064998626709,False,True,
Web_052_2338,XXXXXXXB,1,150.35708618164062,1.9731909036636353,19.7632999420166,False,True,
Web_052_28017,XXUXXUXS,1,150.2777557373047,2.0918335914611816,19.816200256347656,False,True,
Web_052_3237,XXXXXXBU,1,150.30099487304688,1.9784058332443235,19.91340065002441,False,True,
Web_052_4992,XXUXXXXS,1,150.37228393554688,1.9911826848983765,19.04129981994629,False,True,
Web_052_5900,XXXXXXSX,1,150.2838897705078,1.9986252784729004,18.61479949951172,False,True,
Web_052_6175,XXXXXXXS,1,150.3693084716797,1.999478816986084,19.27580070495605,False,True,
Web_052_7761,XXUXXXXS,1,150.32017517089844,2.0114128589630127,18.644699096679688,True,True,COSJ100116+020041
Web_052_7817,XXXXXUXS,1,150.3739013671875,2.005868673324585,20.34980010986328,False,True,
Web_052_9427,XXXXXXXS,1,150.30360412597656,2.015123128890991,20.464399337768555,False,True,
Web_052_9740,XXXXXXXS,1,150.26266479492188,2.0177526473999023,19.64349937438965,False,True,
Web_053_10851,XXXXXXXS,1,150.182861328125,2.0293538570404053,18.257299423217773,False,True,
Web_053_11544,XXUXXXXS,1,150.1839599609375,2.0292773246765137,20.66270065307617,False,True,
Web_053_12066,XXXXXXXB,1,150.10983276367188,2.0316758155822754,20.7101993560791,False,True,
Web_053_12220,XXXXXXXS,1,150.0777587890625,2.0370402336120605,19.21579933166504,False,True,
Web_053_15253,XXXXXXXB,1,150.17953491210938,2.0503733158111572,19.649799346923828,False,True,
Web_053_15467,XXXXXXXS,1,150.13487243652344,2.056145191192627,18.927000045776367,False,True,
Web_053_15945,XXUXXUXS,1,150.18328857421875,2.05411434173584,20.19109916687012,False,True,
Web_053_15969,XXXXXXXS,1,150.106689453125,2.054492950439453,19.19729995727539,False,True,
Web_053_16801,XXXXXXXS,1,150.08229064941406,2.057969093322754,19.804399490356445,False,True,
Web_053_17700,XXUXXXXS,1,150.14654541015625,2.062997579574585,20.099000930786133,False,True,
Web_053_17859,XXXXXUXS,1,150.18438720703125,2.067269802093506,18.98150062561035,False,True,
Web_053_18184,XXUXXUXS,1,150.2119140625,2.066051483154297,20.081499099731445,True,True,COSJ100050+020357
Web_053_19340,XXUXXUXS,1,150.19485473632812,2.0734329223632812,19.127099990844727,True,True,COSJ100046+020424
Web_053_20695,XXXXXXXB,1,150.09815979003906,2.079634189605713,19.91200065612793,False,True,
Web_053_21323,XXUXXXXB,1,150.20567321777344,2.0835468769073486,20.000600814819336,False,True,
Web_053_21570,XXXXXXXS,1,150.15310668945312,2.0854084491729736,19.79990005493164,False,True,
Web_053_24652,XXXXXXXS,1,150.17979431152344,2.110290288925171,18.19569969177246,False,True,
Web_053_25170,XXXXXXXS,1,150.17929077148438,2.107401132583618,19.6299991607666,False,True,
Web_053_25542,XXXXXXXB,1,150.2138214111328,2.1049864292144775,19.629100799560547,False,True,
Web_053_3331,XXXXXXXS,1,150.200927734375,1.9822516441345217,19.10059928894043,False,True,
Web_053_5537,XXXXXXXB,1,150.16998291015625,1.9926791191101072,20.994400024414062,False,True,
Web_053_8947,XXUXXBXX,1,150.1132354736328,2.0142202377319336,19.92659950256348,True,True,COSJ100027+020051
Web_053_9099,XXXXXXXS,1,150.17576599121094,2.014045476913452,19.73819923400879,False,True,
Web_053_9419,XXXXXXXS,1,150.12355041503906,2.0163028240203857,19.73390007019043,False,True,
Web_053_996,XXUXXXXS,1,150.1183319091797,1.9681718349456787,19.57309913635254,True,True,COSJ100028+015805
Web_054_12596,XXXXXXXS,1,150.02490234375,2.039372682571411,19.164600372314453,False,True,
Web_054_15683,XXUXXXXS,1,150.0208282470703,2.0595083236694336,18.777000427246097,False,True,
Web_054_21119,XXUXXUXS,1,149.93324279785156,2.1150290966033936,19.57159996032715,True,True,COSJ095944+020652
Web_054_22183,XXUXXXXS,1,149.95994567871094,2.1179466247558594,19.17219924926757,False,True,
Web_054_22304,XXUXXXXS,1,150.01527404785156,2.1184258460998535,19.92989921569824,False,True,
Web_054_23017,XXUXUUXB,1,150.03834533691406,2.112313985824585,19.602500915527344,False,True,
Web_054_23340,XXUXXUXS,1,149.9555206298828,2.110100507736206,19.11989974975586,False,True,
Web_054_24599,XXUXXXXB,1,149.98214721679688,2.102400302886963,20.00189971923828,False,True,
Web_054_2801,XXXXXXXS,1,149.93246459960938,1.978049874305725,19.681900024414062,False,True,
Web_054_6865,XXUXXXXS,1,150.05111694335938,2.004908561706543,20.03190040588379,False,True,
Web_054_8096,XXUXXXXS,1,149.9092254638672,2.01306414604187,19.505300521850582,False,True,
Web_055_10096,XXUXXXXS,1,149.8512725830078,2.0184473991394043,19.01259994506836,False,True,
Web_055_10306,XXXXXXXS,1,149.86793518066406,2.019207239151001,19.87820053100586,False,True,
Web_055_11731,XXXXXXXS,1,149.816650390625,2.0277199745178223,19.090499877929688,False,True,
Web_055_13655,XXUXXXXS,1,149.87953186035156,2.041534900665283,18.92250061035156,False,True,
Web_055_15519,XXXXXXXS,1,149.85691833496094,2.0493431091308594,20.322599411010746,False,True,
Web_055_16245,XXXXXXXS,1,149.77688598632812,2.05611252784729,19.542800903320312,False,True,
Web_055_17807,XXXXXXXS,1,149.86639404296875,2.062804937362671,19.3759994506836,False,True,
Web_055_19899,XXXXXXXS,1,149.8643341064453,2.0737099647521973,19.72769927978516,False,True,
Web_055_22565,XXXUXXXB,1,149.83016967773438,2.0890324115753174,20.49449920654297,False,True,
Web_055_23538,XXXXXUXS,1,149.8030242919922,2.1160695552825928,20.17099952697754,False,True,
Web_055_28147,XXXXXXXS,1,149.8805389404297,2.120656967163086,20.207399368286133,False,True,
Web_055_28809,XXXXXXXS,1,149.81015014648438,2.1237027645111084,18.97920036315918,False,True,
Web_055_4584,XXXXXXXS,1,149.75616455078125,1.9860690832138064,19.4384994506836,False,True,
Web_055_7300,XXXXXXXS,1,149.8420867919922,2.001622200012207,20.513900756835938,False,True,
Web_055_7762,XXXXXXXB,1,149.86732482910156,2.0042200088500977,19.673900604248047,False,True,
Web_055_9777,XXXXXXXS,1,149.85707092285156,2.015509843826294,20.447599411010746,False,True,
Web_063_1238,XXXXXXXS,1,150.45333862304688,2.142982482910156,20.168100357055664,False,True,
Web_063_15100,XXXXXXXS,1,150.50875854492188,2.2686097621917725,19.44879913330078,False,True,
Web_063_2525,XXUXXXXS,1,150.44969177246094,2.159234046936035,20.09000015258789,False,True,
Web_063_2633,XXXXXXXS,1,150.4435272216797,2.160532236099243,20.711200714111328,False,True,
Web_063_3471,XXXXXXXS,1,150.44700622558594,2.1690149307250977,20.072599411010746,False,True,
Web_063_3554,XXUXXXXS,1,150.45901489257812,2.17096209526062,19.356000900268555,False,True,
Web_063_6948,XXXXXXXS,1,150.45657348632812,2.210509777069092,19.093000411987305,False,True,
Web_063_8041,XXXXXXXS,1,150.4427947998047,2.220231294631958,20.606199264526367,False,True,
Web_063_9501,XXUXXXXS,1,150.45742797851562,2.2350850105285645,19.32010078430176,False,True,
Web_064_11673,XXXXXXXS,1,150.2450408935547,2.1933465003967285,20.531099319458008,False,True,
Web_064_1188,XXXXXXXS,1,150.2866973876953,2.1325154304504395,21.09709930419922,False,True,
Web_064_13562,XXXXXXXS,1,150.34361267089844,2.207096815109253,19.399099349975582,False,True,
Web_064_13887,XXXXXXXS,1,150.23997497558594,2.206545829772949,20.78840065002441,False,True,
Web_064_15234,XXXXXXXS,1,150.2354278564453,2.2158288955688477,19.778600692749023,False,True,
Web_064_1674,XXXXXXXS,1,150.2479248046875,2.1362340450286865,19.73390007019043,False,True,
Web_064_17912,XXXXXXXB,1,150.2727813720703,2.23110032081604,20.981000900268555,False,True,
Web_064_17930,XXXXXXXB,1,150.3804473876953,2.231985330581665,20.121999740600582,False,True,
Web_064_19216,XXUUXUXS,1,150.39096069335938,2.239161968231201,19.67350006103516,False,True,
Web_064_19336,XXUXXUXB,1,150.38746643066406,2.2394466400146484,20.276599884033203,False,True,
Web_064_19518,XXUXXXXS,1,150.22755432128906,2.242631196975708,19.39640045166016,False,True,
Web_064_19778,XXUXXXXB,1,150.31271362304688,2.242492437362671,20.02829933166504,False,True,
Web_064_21403,XXXXXXXS,1,150.2509307861328,2.2509944438934326,19.26849937438965,False,True,
Web_064_21836,XXXXXXXS,1,150.34754943847656,2.2530858516693115,20.53709983825684,False,True,
Web_064_23839,XXXXXXXS,1,150.28387451171875,2.2783093452453613,21.649099349975582,False,True,
Web_064_23920,XXUXXXXS,1,150.2528076171875,2.2781424522399902,17.22369956970215,False,True,
Web_064_23985,XXXXXXXS,1,150.3277587890625,2.2770612239837646,19.121299743652344,False,True,
Web_064_24526,XXXXXXXS,1,150.32192993164062,2.274484395980835,19.72570037841797,False,True,
Web_064_25316,XXXXXXXS,1,150.3152618408203,2.284238576889038,20.260400772094727,False,True,
Web_064_25678,XXXXXUXB,1,150.2281036376953,2.269726514816284,19.6525993347168,False,True,
Web_064_3785,XXUXXXXB,1,150.34384155273438,2.1481223106384277,19.5280990600586,False,True,
Web_064_5624,XXXXXXXS,1,150.31085205078125,2.1583566665649414,19.779600143432617,False,True,
Web_064_7517,XXXXXXXS,1,150.3467559814453,2.170386552810669,19.95190048217773,False,True,
Web_064_8514,XXUXXXUS,1,150.32418823242188,2.1764562129974365,20.729799270629883,False,True,
Web_064_9474,XXXXXXXS,1,150.27870178222656,2.181929349899292,19.99360084533692,False,True,
Web_065_14880,XXUXXXXS,1,150.1896209716797,2.211422920227051,20.211200714111328,False,True,
Web_065_1667,XXUXXXXB,1,150.2105255126953,2.135263681411743,19.518400192260746,False,True,
Web_065_22226,XXXXXXXS,1,150.1979217529297,2.252556562423706,19.96540069580078,False,True,
Web_065_446,XXXXXXUS,1,150.16961669921875,2.1283679008483887,19.60400009155273,False,True,
Web_065_5082,XXUXXXXB,1,150.18994140625,2.1553211212158203,20.00149917602539,False,True,
Web_065_8039,XXXXXXXB,1,150.09471130371094,2.174973487854004,19.83390045166016,False,True,
Web_066_11186,XXXXXXXS,1,149.9558563232422,2.188500165939331,20.284500122070312,False,True,
Web_066_13909,XXXXXXXS,1,149.9627227783203,2.2102479934692383,18.2455997467041,False,True,
Web_066_14223,XXXXXXXS,1,150.05538940429688,2.206103563308716,20.06760025024414,False,True,
Web_066_15123,XXXXXXXS,1,149.95347595214844,2.2124996185302734,19.06089973449707,False,True,
Web_066_16215,XXXXXXXS,1,149.89630126953125,2.218233108520508,18.868200302124023,False,True,
Web_066_16236,XXXXXXXS,1,149.89402770996094,2.215780735015869,20.50950050354004,False,True,
Web_066_18665,XXXXXXXS,1,150.0559844970703,2.233445405960083,18.09510040283203,False,True,
Web_066_19290,XXUXXXXS,1,149.9552459716797,2.232691764831543,20.816999435424805,False,True,
Web_066_20315,XXXUXXXS,1,149.95997619628906,2.2396152019500732,19.10950088500977,False,True,
Web_066_21122,XXXXXXXS,1,150.00157165527344,2.2450146675109863,18.313899993896484,False,True,
Web_066_23319,XXUXXXUS,1,150.03526306152344,2.2560322284698486,18.69339942932129,False,True,
Web_066_24838,XXXXXXXB,1,149.9089813232422,2.2786166667938232,20.53860092163086,False,True,
Web_066_2718,XXXXXXXB,1,149.9226531982422,2.143272399902344,19.705699920654297,False,True,
Web_066_29437,XXUXXXXS,1,149.90103149414062,2.2752199172973633,19.561399459838867,False,True,
Web_066_30212,XXUXXUXB,1,149.91928100585938,2.2628374099731445,18.50069999694824,False,True,
Web_066_30320,XXXXXXXB,1,150.02899169921875,2.2926762104034424,19.49029922485352,False,True,
Web_066_3197,XXXXXXXB,1,149.96646118164062,2.145710706710815,19.783599853515625,False,True,
Web_066_3582,XXXXXXXB,1,150.0189208984375,2.1478092670440674,19.30209922790528,False,True,
Web_066_5536,XXXXXXXS,1,150.0028076171875,2.1576218605041504,19.556400299072266,False,True,
Web_066_5834,XXUXXBXU,1,149.9282989501953,2.159499406814575,20.07200050354004,False,True,
Web_066_9061,XXUXXXXS,1,150.00042724609375,2.1757030487060547,20.534799575805664,False,True,
Web_067_11177,XXXXXXXS,1,149.86024475097656,2.190370798110962,20.171899795532227,False,True,
Web_067_14547,XXXXXXXS,1,149.7784423828125,2.215304136276245,19.020000457763672,False,True,
Web_067_14883,XXXXXXXB,1,149.80618286132812,2.2170801162719727,19.660499572753903,False,True,
Web_067_15439,XXUXXUUS,1,149.8769073486328,2.2213363647460938,19.796499252319336,False,True,
Web_067_15721,XXXXXXXB,1,149.7883758544922,2.227109670639038,17.768999099731445,False,True,
Web_067_16040,XXXXXXXS,1,149.84400939941406,2.2243881225585938,20.17060089111328,False,True,
Web_067_16622,XXXXXXXS,1,149.78875732421875,2.227862596511841,20.77109909057617,False,True,
Web_067_1702,XXXXXXXB,1,149.8517303466797,2.1348962783813477,20.764299392700195,False,True,
Web_067_17424,XXUXXXXS,1,149.80819702148438,2.234037160873413,20.221099853515625,False,True,
Web_067_19127,XXUXXXXS,1,149.7748565673828,2.249769926071167,19.29400062561035,False,True,
Web_067_1957,XXXXXXXS,1,149.78192138671875,2.139040470123291,18.593000411987305,False,True,
Web_067_21785,XXUXXUXS,1,149.82923889160156,2.2670035362243652,19.324499130249023,False,True,
Web_067_22000,XXUUXXXS,1,149.82427978515625,2.265336751937866,19.48069953918457,False,True,
Web_067_22384,XXXXXXXS,1,149.77723693847656,2.2629871368408203,19.53730010986328,False,True,
Web_067_25250,XXXUXUXS,1,149.8470916748047,2.287365674972534,19.54010009765625,False,True,
Web_067_6296,XXXXXXXS,1,149.87246704101562,2.1621127128601074,19.167400360107425,False,True,
Web_067_6708,XXXXXXXB,1,149.83607482910156,2.165663242340088,18.448999404907227,False,True,
Web_067_9137,XXXXXXXS,1,149.7432098388672,2.1795172691345215,18.90999984741211,False,True,
Web_067_9933,XXUXXXXS,1,149.7904052734375,2.182237148284912,20.137500762939453,False,True,
Web_075_11091,XXUXXXXB,1,150.44442749023438,2.369760751724243,19.61030006408692,False,True,
Web_075_11792,XXXXXXXS,1,150.5343780517578,2.382128953933716,18.721200942993164,False,True,
Web_075_19025,XXXXXXXS,1,150.45065307617188,2.4199867248535156,19.10099983215332,False,True,
Web_075_21432,XXXXXXXS,1,150.525146484375,2.4564192295074463,19.59510040283203,False,True,
Web_075_22023,XXXXXXXS,1,150.45252990722656,2.450366497039795,18.59090042114257,False,True,
Web_075_22765,XXXXXXXS,1,150.49008178710938,2.4459495544433594,19.292499542236328,False,True,
Web_075_23682,XXUXXXXS,1,150.463623046875,2.440471887588501,18.756500244140625,True,True,COSJ100151+022625
Web_075_24410,XXXXXXXS,1,150.42706298828125,2.431630373001098,19.882200241088867,False,True,
Web_075_24699,XXXXXXXS,1,150.5282745361328,2.432883977890014,21.24329948425293,False,True,
Web_075_5901,XXXXXXXB,1,150.40049743652344,2.334538221359253,19.51359939575196,False,True,
Web_075_7088,XXUXXXXB,1,150.39308166503906,2.3436436653137207,19.887699127197266,True,True,COSJ100134+022037
Web_075_7656,XXUXXXXS,1,150.53439331054688,2.3472135066986084,19.642200469970703,False,True,
Web_075_9948,XXXXXXXS,1,150.48426818847656,2.3628389835357666,20.029699325561523,False,True,
Web_076_1214,XXXXXXXS,1,150.30641174316406,2.302626848220825,19.18370056152344,False,True,
Web_076_12276,XXUXXXXS,1,150.3507843017578,2.3600106239318848,20.396299362182617,False,True,
Web_076_12324,XXUXXXXS,1,150.3367919921875,2.3612301349639893,20.37739944458008,False,True,
Web_076_15947,XXXXXXXB,1,150.2885284423828,2.3819141387939453,18.77510070800781,False,True,
Web_076_20007,XXUXXXXS,1,150.22911071777344,2.4063589572906494,19.15730094909668,False,True,
Web_076_20023,XXXXXXXB,1,150.27984619140625,2.4220852851867676,17.085100173950195,False,True,
Web_076_2021,XXUXXXXB,1,150.32472229003906,2.3057568073272705,19.09630012512207,False,True,
Web_076_20465,XXXXXXXB,1,150.3777313232422,2.4122419357299805,18.0275993347168,False,True,
Web_076_2067,XXXXXXXB,1,150.27810668945312,2.304399013519287,19.86709976196289,False,True,
Web_076_20993,XXXXXXXS,1,150.37957763671875,2.412905693054199,18.3567008972168,False,True,
Web_076_23181,XXXXXXXS,1,150.3871612548828,2.4233155250549316,19.569700241088867,False,True,
Web_076_26367,XXUXXUXS,1,150.31396484375,2.4382145404815674,19.98979949951172,False,True,
Web_076_3126,XXUXXXXS,1,150.331787109375,2.3104357719421387,19.73040008544922,False,True,
Web_076_4603,XXXXXXXS,1,150.2444610595703,2.3226561546325684,19.06859970092773,False,True,
Web_076_4630,XXXXXXXS,1,150.33506774902344,2.318747043609619,20.574499130249023,False,True,
Web_076_5336,XXXXXXXB,1,150.31532287597656,2.3264496326446533,18.84119987487793,False,True,
Web_076_7408,XXXXXXXB,1,150.29641723632812,2.337376356124878,19.78770065307617,False,True,
Web_076_8115,XXXXXXXS,1,150.2542724609375,2.343465566635132,18.34189987182617,False,True,
Web_077_10432,XXXXXXXB,1,150.07940673828125,2.358104944229126,19.330699920654297,False,True,
Web_077_18208,XXXXXXXS,1,150.2145538330078,2.400090217590332,20.93320083618164,False,True,
Web_077_18319,XXXXXXXS,1,150.21157836914062,2.401824474334717,20.31629943847656,False,True,
Web_077_3064,XXXXXXXS,1,150.0784912109375,2.3107481002807617,21.24650001525879,False,True,
Web_078_10041,XXUXXXXB,1,149.9324493408203,2.3461873531341553,19.190900802612305,True,True,COSJ095943+022046
Web_078_10973,XXXXXXXS,1,149.9134521484375,2.351353168487549,19.0088005065918,False,True,
Web_078_12364,XXXXXXXS,1,149.93478393554688,2.356372594833374,19.65570068359375,False,True,
Web_078_13627,XXUXXXXS,1,149.90699768066406,2.3628668785095215,20.11429977416992,False,True,
Web_078_14871,XXXXXXXS,1,149.90794372558594,2.368865966796875,19.924999237060547,False,True,
Web_078_17959,XXXXXXXS,1,149.92913818359375,2.3852813243865967,19.79080009460449,False,True,
Web_078_194,XXUXXXXS,1,150.0498504638672,2.293525218963623,19.438899993896484,False,True,
Web_078_21900,XXXXXXXS,1,149.9760284423828,2.410559892654419,19.67729949951172,False,True,
Web_078_24672,XXXXXXXS,1,149.9639434814453,2.44421911239624,19.91029930114746,False,True,
Web_078_30108,XXXXXXXS,1,150.06214904785156,2.455024480819702,19.43199920654297,False,True,
Web_078_3823,XXXXXXXS,1,150.03030395507812,2.31502628326416,19.514799118041992,False,True,
Web_078_6604,XXUXXXXS,1,149.91275024414062,2.330360174179077,19.54010009765625,False,True,
Web_078_765,XXXXXXXS,1,149.9348907470703,2.2972915172576904,20.085599899291992,False,True,
Web_078_7989,XXUXXXXS,1,149.9652557373047,2.334867000579834,20.513500213623047,False,True,
Web_078_8562,XXUXXXXS,1,149.97314453125,2.33798885345459,19.24180030822754,True,True,COSJ095953+022016
Web_079_1007,XXUUXUUS,1,149.84222412109375,2.3034095764160156,19.12630081176757,True,True,COSJ095922+021812
Web_079_10075,XXXXXXXS,1,149.82484436035156,2.388427495956421,19.897300720214844,False,True,
Web_079_10914,XXXXXXXS,1,149.8767547607422,2.4036529064178467,17.9601993560791,False,True,
Web_079_1127,XXXXXXXS,1,149.8645782470703,2.3021328449249268,20.99300003051757,False,True,
Web_079_12962,XXXXXXXS,1,149.87005615234375,2.4431910514831543,18.62669944763184,False,True,
Web_079_1497,XXXXXXXB,1,149.83404541015625,2.3087122440338135,18.716100692749023,False,True,
Web_079_3,XXXXXXXS,1,149.84239196777344,2.300575256347656,17.986600875854492,False,True,
Web_079_3050,XXUXXXXS,1,149.8673095703125,2.321385145187378,19.87540054321289,False,True,
Web_079_4166,XXXXXXXS,1,149.8359832763672,2.329800605773926,20.65839958190918,False,True,
Web_079_4336,XXXXXXXS,1,149.81033325195312,2.3318724632263184,20.079099655151367,False,True,
Web_079_4337,XXXXXXXS,1,149.86526489257812,2.3341598510742188,19.36840057373047,False,True,
Web_079_4477,XXXUXXXS,1,149.86685180664062,2.3326449394226074,19.748899459838867,False,True,
Web_079_5061,XXXXXXXS,1,149.8842315673828,2.3381032943725586,19.971599578857425,False,True,
Web_079_6510,XXXXXXXS,1,149.86802673339844,2.3518505096435547,18.45070075988769,False,True,
Web_087_1,XXUXXXXS,1,150.5206756591797,2.461008310317993,18.66819953918457,False,True,
Web_087_2337,XXUXXXXS,1,150.41213989257812,2.4734816551208496,20.0088005065918,False,True,
Web_087_3639,XXUBXXXX,1,150.4697723388672,2.482337951660156,21.104900360107425,True,True,COSJ100152+022856
Web_087_3920,XXUXXXXS,1,150.43360900878906,2.4857583045959473,20.37159919738769,False,True,
Web_087_4604,XXXBXXXU,1,150.40390014648438,2.5088870525360107,15.966099739074709,False,True,
Web_088_11511,XXUXXUXS,1,150.27207946777344,2.523496150970459,20.20249938964844,False,True,
Web_088_12027,XXXXXXXS,1,150.25912475585938,2.528099775314331,18.409500122070312,False,True,
Web_088_12103,XXXXXXXS,1,150.26004028320312,2.5284063816070557,20.166099548339844,False,True,
Web_088_13896,XXXXXXXB,1,150.26388549804688,2.541532516479492,19.36910057067871,False,True,
Web_088_1537,XXXXXUXS,1,150.2891082763672,2.4730491638183594,19.182600021362305,False,True,
Web_088_15470,XXXXXXXS,1,150.2609100341797,2.5551538467407227,20.11079978942871,False,True,
Web_088_15472,XXXXXXXS,1,150.22874450683594,2.5538957118988037,20.15250015258789,False,True,
Web_088_22,XXXXXXUS,1,150.373779296875,2.4599950313568115,19.03730010986328,False,True,
Web_088_2557,XXXXXXXS,1,150.23046875,2.4747750759124756,20.243900299072266,False,True,
Web_088_4970,XXXXXXXB,1,150.36434936523438,2.4866344928741455,19.941600799560547,False,True,
Web_088_6877,XXXXXXXS,1,150.24008178710938,2.500396490097046,19.300500869750977,False,True,
Web_088_9382,XXXXXXXS,1,150.248291015625,2.513188362121582,18.765100479125977,False,True,
Web_088_9536,XXXXXUXB,1,150.33409118652344,2.513274908065796,18.904199600219727,False,True,
Web_088_975,XXXXXXXB,1,150.23333740234375,2.4762556552886963,17.981599807739258,False,True,
Web_089_10003,XXXXXXXS,1,150.17349243164062,2.5236284732818604,19.64780044555664,False,True,
Web_089_10742,XXXXXXXB,1,150.20074462890625,2.5289881229400635,18.29050064086914,False,True,
Web_089_12972,XXXXXXXS,1,150.2133331298828,2.537792205810547,20.372800827026367,False,True,
Web_089_1354,XXUXXXXS,1,150.13858032226562,2.4665777683258057,20.072200775146484,False,True,
Web_089_15949,XXXXXXXS,1,150.136474609375,2.556802272796631,20.25790023803711,False,True,
Web_089_16418,UXXXXXXB,1,150.1976318359375,2.5598700046539307,20.22599983215332,False,True,
Web_089_16644,XXXXXXXB,1,150.2001953125,2.5619325637817383,18.80900001525879,False,True,
Web_089_18797,XXUXXXXS,1,150.18841552734375,2.5736958980560303,20.12969970703125,False,True,
Web_089_19215,XXUXXXXB,1,150.1993408203125,2.5740292072296143,20.668100357055664,False,True,
Web_089_20097,XXUXXXXS,1,150.22157287597656,2.5802595615386963,20.84410095214844,False,True,
Web_089_20266,XXUXXXXB,1,150.13717651367188,2.5818305015563965,19.907699584960938,False,True,
Web_089_22218,XXXXXXXS,1,150.08934020996094,2.5994317531585693,20.298799514770508,False,True,
Web_089_22439,XXXXXXXS,1,150.0860595703125,2.600395441055298,19.515199661254883,False,True,
Web_089_24526,XXXXXXXS,1,150.0747528076172,2.6243457794189453,19.608800888061523,False,True,
Web_089_25641,XXXXXXXS,1,150.06365966796875,2.6156392097473145,20.399599075317383,False,True,
Web_089_7400,XXUXXXXS,1,150.1935577392578,2.505958318710327,19.679500579833984,False,True,
Web_089_7969,XXXXXXXB,1,150.15248107910156,2.5102181434631348,20.09289932250977,False,True,
Web_089_8150,XXXXXXXB,1,150.2008819580078,2.5111544132232666,19.964799880981445,False,True,
Web_090_10517,XXXXXXXS,1,149.9199676513672,2.526206970214844,19.414899826049805,False,True,
Web_090_11647,XXXXXXXB,1,149.9296875,2.5327341556549072,18.57609939575196,False,True,
Web_090_12034,XXXXXXXB,1,150.0598602294922,2.5363609790802,19.10429954528809,False,True,
Web_090_18311,XXUXXUXS,1,150.0509490966797,2.5726852416992188,19.23550033569336,True,True,COSJ100012+023421
Web_090_19004,XXXXXXXS,1,150.03370666503906,2.574805736541748,21.05550003051757,False,True,
Web_090_21574,XXXXXXXB,1,149.9342041015625,2.620837450027466,19.77090072631836,False,True,
Web_090_22873,XXXXXXXS,1,149.9630584716797,2.6131296157836914,19.99180030822754,False,True,
Web_090_2372,XXXXXXXB,1,149.94850158691406,2.479649305343628,18.1289005279541,False,True,
Web_090_23910,XXUXXUXB,1,149.91908264160156,2.6009457111358643,17.222900390625,False,True,
Web_090_27023,XXUUXXXS,1,150.01913452148438,2.595417737960815,19.67480087280273,True,True,COSJ100004+023543
Web_090_27640,XXXXXXXB,1,150.0155029296875,2.6214191913604736,19.63139915466309,False,True,
Web_090_3870,XXXXXXXB,1,150.00146484375,2.484492063522339,19.40839958190918,False,True,
Web_090_5737,XXXXXXXB,1,149.9232635498047,2.497507333755493,19.329599380493164,False,True,
Web_090_5822,XXXXXXXS,1,149.92752075195312,2.496288776397705,20.513999938964844,False,True,
Web_090_6146,XXUXXXXB,1,149.9347381591797,2.498440742492676,20.58699989318848,False,True,
Web_090_6826,XXXXXXXB,1,149.92095947265625,2.502848863601685,20.449199676513672,False,True,
Web_090_7792,XXXXXXXB,1,149.92001342773438,2.5092413425445557,20.01609992980957,False,True,
Web_090_8663,XXXXXXXB,1,149.91517639160156,2.514511823654175,20.23780059814453,False,True,
Web_090_9746,XXXXXXXB,1,149.96524047851562,2.521660566329956,19.13809967041016,False,True,
Web_102_2034,XXUXXXXB,1,149.99288940429688,2.6397929191589355,19.56570053100586,False,True,
Web_102_2479,XXXXXXXB,1,149.92384338378906,2.643019437789917,19.660999298095703,False,True,
Web_102_3146,XXUXXXXB,1,149.9311981201172,2.6460723876953125,19.55419921875,False,True,
Web_102_3785,XXXXXXXS,1,149.96347045898438,2.653148412704468,19.43709945678711,False,True,
Web_102_4207,XXXXXXXS,1,150.00572204589844,2.6548423767089844,19.84320068359375,False,True,
Web_102_4335,XXXXXXXS,1,150.00225830078125,2.656402587890625,19.61030006408692,False,True,
Web_102_5680,XXUXXXXS,1,149.96302795410156,2.669170618057251,20.12339973449707,False,True,
Web_102_659,XXXXXXXB,1,150.04603576660156,2.630392551422119,20.233999252319336,False,True,
Web_102_759,XXXXXXXB,1,149.92996215820312,2.633200168609619,19.87739944458008,False,True,
COS_100124,XXXXXXXX,0,150.09231969,2.4820044635,17.8015,False,True,
COS_101218,XXXXXXXU,0,150.10286709,2.4867204399,18.1667,False,True,
COS_101574,XXXXXUXX,0,150.13960283,2.4818884149,20.4881,False,True,
COS_104442,XXXXXXXU,0,150.10492937,2.4983424499,19.1301,False,True,
COS_104798,XXXXXXXX,0,150.01966112,2.4922680059,20.138,False,True,
COS_105011,XXXXXXXU,0,150.02555029,2.4940691508,19.412,False,True,
COS_107393,XXXXXXXX,0,150.02264301,2.5080269313,18.709,False,True,
COS_109969,XXXXXUXX,0,150.04333995,2.5160467229,19.97,False,True,
COS_110323,XXXXXXXU,0,150.02233758,2.5164900315,19.1636,False,True,
COS_110485,XXXXXXXX,0,150.01099007,2.52514895,19.4055,False,True,
COS_111057,XXXXXXXX,0,150.03231774,2.5241109519,20.2353,False,True,
COS_111373,XXXXXUXX,0,150.04216608,2.5275261603,19.9349,False,True,
COS_11776,XXXXXXXX,0,150.07498166,2.1644235006,19.3589,False,True,
COS_1314,XXXXXXXX,0,150.09290318,2.1070422069,18.6215,False,True,
COS_14967,XXXXXXXX,0,150.06364987,2.1728239714,20.4899,False,True,
COS_153147,XXXXXXXX,0,150.05744314,2.2078644233,,False,True,
COS_16338,XXXXXXXX,0,150.07605423,2.1905005975,18.1877,False,True,
COS_16692,XXXXXXXX,0,150.07929195,2.1858620929,19.6906,False,True,
COS_16944,XXXXXXXX,0,150.13035844,2.1859438892,20.4218,False,True,
COS_17039,XXXXXXXX,0,150.09238662,2.1936241157,18.9378,False,True,
COS_17274,XXXXXXXX,0,150.09512707,2.1937376361,18.617,False,True,
COS_17462,XXXXXXXX,0,150.0773749,2.1917887237,19.5207,False,True,
COS_17801,XXXXXXXX,0,150.06475327,2.1919850472,20.7121,False,True,
COS_18058,XXXXXXXU,0,150.07649841,2.1951630136,19.427,False,True,
COS_18509,XXUXUXXX,0,150.10357235,2.1979355746,19.2313,False,True,
COS_19433,XXXXXXXX,0,150.09565098,2.2037095377,18.947,False,True,
COS_20030,XXXXXXXX,0,150.11406604,2.2028677704,19.9903,False,True,
COS_20241,XXXXXXXU,0,150.05721303,2.2059202863,18.3891,False,True,
COS_20840,XXXXXXXX,0,150.07965182,2.2073645303,20.1542,False,True,
COS_23213,XXXXXXXX,0,150.13066342,2.2182142465,19.4628,False,True,
COS_23924,XXXXXXXX,0,150.09476164,2.2208772389,19.4245,False,True,
COS_24199,XXXXXXXX,0,150.06749042,2.2235379362,18.8535,False,True,
COS_2423,XXXXXXXX,0,150.06795611,2.1102704531,21.0466,False,True,
COS_24819,XXXXXXXX,0,150.10978045,2.2237750326,19.9081,False,True,
COS_25068,XXXXXXXU,0,150.09087806,2.2252237621,19.862,False,True,
COS_25736,XXXXXXXX,0,150.06757163,2.2332335209,18.31,False,True,
COS_27066,XXXXXXXX,0,150.05600605,2.2338231047,20.336,False,True,
COS_29029,XXXXXXXU,0,150.05284638,2.2435204808,18.848,False,True,
COS_30071,XXXXXXXX,0,150.13550267,2.2457073011,19.4237,False,True,
COS_30266,XXXXXXXX,0,150.08936574,2.2476029753,19.3907,False,True,
COS_31028,XXXXUUXX,0,150.12217257,2.2503816394,18.8092,False,True,
COS_33873,XXXXXXXX,0,150.13780547,2.258744562,21.1479,False,True,
COS_35990,XXUUUXXX,0,150.1177466,2.2667749395,18.895,True,True,COSJ100028+021600
COS_37893,XXXXUXXX,0,150.1365312,2.2744024748,18.7958,False,True,
COS_39166,XXXXXXXX,0,150.14804024,2.2762365861,20.3364,False,True,
COS_39528,XXUXXXXX,0,150.15122547,2.2780980876,19.2783,False,True,
COS_4203,XXXXXXXX,0,150.13561116,2.1208601991,20.7877,False,True,
COS_44336,XXXXXXXX,0,150.18870406,2.2966733685,18.208,False,True,
COS_44897,XXXXXXXX,0,150.12218242,2.2984411547,18.4661,False,True,
COS_44906,XXUXXXXU,0,150.11962588,2.2959501612,20.3028,False,True,
COS_46000,XXXUXXXX,0,150.09405174,2.2990911429,19.6363,False,True,
COS_47434,XXXXXXXX,0,150.07878945,2.3028019999,19.4162,False,True,
COS_4855,XXXXXXXX,0,150.13388844,2.1248061151,24.9879,False,True,
COS_49075,XXXXXXXX,0,150.08754329,2.3099286727,19.3558,False,True,
COS_49636,XXXXXXXX,0,150.12642301,2.3121170883,18.4228,False,True,
COS_49696,XXXXXXXX,0,150.09403766,2.3131636067,20.0282,False,True,
COS_50102,XXXXXXXU,0,150.15624062,2.3098871621,21.8924,False,True,
COS_50103,XXXXXXXX,0,150.10364945,2.3145986914,19.0034,False,True,
COS_50566,XXXXXXXU,0,150.09474093,2.3136352178,20.0443,False,True,
COS_50923,XXXXXXXU,0,150.1674054,2.3158139729,20.101,False,True,
COS_52050,XXXXXXXX,0,150.1371108,2.3174266069,20.2396,False,True,
COS_5248,XXXXXXXX,0,150.12390705,2.1447271793,19.1182,False,True,
COS_52790,XXXXXXXX,0,150.05631157,2.3214192,19.5477,False,True,
COS_53391,XXXXXXXU,0,150.08773828,2.3249633853,20.3265,False,True,
COS_53453,XXXXXXXX,0,150.07390628,2.3256305567,17.9681,False,True,
COS_53700,XXXXUUXX,0,150.18925544,2.3256554085,18.4758,False,True,
COS_54625,XXXXXXXX,0,150.05814664,2.3277274431,20.2945,False,True,
COS_55375,XXXXXXXX,0,150.16603753,2.331968808,19.1623,False,True,
COS_56466,XXXXXXXX,0,150.09375283,2.3339446268,19.4562,False,True,
COS_58026,XXXXXXXX,0,150.05465833,2.3398815328,19.0588,True,True,COSJ100013+022023
COS_60122,XXXXXXXX,0,150.10355238,2.3460865509,19.503,False,True,
COS_60680,XXXXXXXX,0,150.09658043,2.3508658824,18.584,False,True,
COS_6127,XXXXXXXX,0,150.05646855,2.1401986761,20.4214,False,True,
COS_61768,XXXXXXUU,0,150.05316638,2.3549023963,19.3878,False,True,
COS_6219,XXXXXXXX,0,150.09519404,2.1418838413,19.6777,False,True,
COS_62617,XXXXXXXX,0,150.17569488,2.3586996908,17.6776,False,True,
COS_63300,XXXXXXXX,0,150.12368381,2.3582530841,18.6274,False,True,
COS_64098,XXXXXXXX,0,150.16275756,2.3590671572,20.3161,False,True,
COS_64830,XXXXXXXX,0,150.12999553,2.3646600767,19.228,False,True,
COS_67707,XXXXXXXX,0,150.19639524,2.3715540538,19.6984,False,True,
COS_70793,XXXXXXXX,0,150.20174636,2.382285328,19.9001,False,True,
COS_72338,XXXXXXXX,0,150.07841849,2.3895723414,19.5934,False,True,
COS_72613,XXXXXXXX,0,150.10568616,2.3991166035,17.477,False,True,
COS_73343,XXXXXXXX,0,150.18216692,2.394862229,19.4286,False,True,
COS_74799,XXXXXXXX,0,150.10834093,2.4039310486,18.1735,False,True,
COS_75369,XXXXXXXX,0,150.16607591,2.4066301891,18.9334,False,True,
COS_75471,XXXXXXXX,0,150.1488373,2.4082029218,19.2296,False,True,
COS_75923,XXXXUXXX,0,150.20288351,2.403858255,21.1786,False,True,
COS_75981,XXXXXXXX,0,150.15109483,2.4034505623,20.4495,False,True,
COS_77059,XXXXXXXX,0,150.08581682,2.4085238864,19.3601,False,True,
COS_77113,XXXXXXXX,0,150.07238667,2.411419527,19.4369,False,True,
COS_77373,XXXXXXXX,0,150.04766129,2.4094169008,19.4603,False,True,
COS_77417,XXXXXXXX,0,150.105523,2.4229806989,17.4579,False,True,
COS_7774,XXXXXXXX,0,150.08323354,2.1500779435,20.011,False,True,
COS_78241,XXXXXXXX,0,150.11001725,2.4197428127,17.9928,False,True,
COS_79433,XXXXXXXX,0,150.1235303,2.4242556983,18.0063,False,True,
COS_80118,XXXXXXXX,0,150.14033105,2.4189488659,19.7301,False,True,
COS_80180,XXXXXXXX,0,150.06790114,2.419772907,19.3065,False,True,
COS_81492,XXXXXXXX,0,150.10421386,2.4219239205,20.0913,False,True,
COS_81650,XXXXXXXX,0,150.02071786,2.4226173933,19.5779,False,True,
COS_81697,XXXXXXXX,0,150.11065337,2.4205628582,20.9281,False,True,
COS_82499,XXXXXXUX,0,150.10201663,2.425959617,19.5321,False,True,
COS_82690,XXXXXXXX,0,150.03929749,2.4284944381,18.9663,False,True,
COS_82760,XXXXUXXX,0,150.040375,2.4259610731,20.6262,False,True,
COS_84586,XXXXXXXX,0,150.04906474,2.434601108,18.6114,False,True,
COS_84954,XXXXXXXX,0,150.1301074,2.4376714137,18.4916,True,True,COSJ100031+022615
COS_85358,XXXXXXXX,0,150.11896159,2.457181377,17.4017,False,True,
COS_85676,XXXXXXXX,0,150.01814945,2.4371768658,19.9113,False,True,
COS_86707,XXXXXXXX,0,150.04486067,2.4395617389,19.9266,False,True,
COS_87376,XXXXXXXU,0,150.04934344,2.4397581032,20.1089,False,True,
COS_87476,XXXXXXXX,0,150.0236398,2.4432564475,18.9711,False,True,
COS_88024,XXXXXXXX,0,150.15346773,2.4430793009,19.5064,False,True,
COS_88313,XXXXXXXU,0,150.1416683,2.4460457248,19.4008,False,True,
COS_88623,XXXXXXXX,0,150.12321258,2.4432343756,20.1776,False,True,
COS_88690,XXXXXXXX,0,150.02483954,2.4440725409,20.0892,False,True,
COS_88913,XXXXXXXX,0,150.0372702,2.4454164529,19.2791,False,True,
COS_89389,XXXXXXXX,0,150.03336083,2.4489345365,18.5218,False,True,
COS_89561,XXUXXXXX,0,150.02377911,2.4466647053,19.7104,False,True,
COS_89597,XXXXXXXX,0,150.18218338,2.4513562107,18.3188,False,True,
COS_90816,XXUXXXXX,0,150.14489591,2.4488546313,20.8777,False,True,
COS_91032,XXXXXXXX,0,150.1003463,2.4564727819,18.7971,False,True,
COS_93045,XXXXXXXU,0,150.06124068,2.4590735113,18.7446,False,True,
COS_93050,XXXXXXXX,0,150.08831106,2.4593013342,19.5039,False,True,
COS_9565,XXXXXXXX,0,150.05886203,2.1551872538,20.6595,False,True,
COS_96533,XXXXXXXU,0,150.15024328,2.4751454965,17.7708,False,True,
COS_97435,XXXXXXXX,0,150.17357641,2.46862707,20.5563,False,True,
COS_97903,XXXXXXXX,0,150.05520324,2.4726290262,19.1682,False,True,
COS_98086,XXXXXXXU,0,150.13035167,2.4721211945,19.1738,False,True,
COS_98327,XXXXXXXX,0,150.16902491,2.4736511842,19.065,False,True,
COS_98442,XXXXXXXX,0,150.15960135,2.4742862495,19.2975,False,True,
COS_99300,XXXXXXXX,0,150.11919333,2.4775108961,18.8138,False,True,
EGS_10193,XXXXXXXX,0,214.98533798,52.871406695,18.8852,False,False,
EGS_10222,XXXXXXXX,0,215.12019762,52.962806392,19.7657,False,False,
EGS_10429,XXXXXXXX,0,214.96717153,52.857689429,19.2208,False,False,
EGS_11184,XXXXXUXX,0,214.78692011,52.733553762,18.5583,False,False,
EGS_12339,XXXXXXXU,0,215.11265198,52.960855637,20.6165,False,False,
EGS_1470,XXXXXXXX,0,215.06029817,52.853424067,18.6801,False,False,
EGS_15264,XXUXXXXX,0,214.93674938,52.847288983,20.8845,False,False,
EGS_15465,XXXXXXXX,0,215.07355222,52.947618975,19.2073,False,False,
EGS_16208,XXUXXUXX,0,214.86427503,52.798744667,20.7791,False,False,
EGS_18350,XXXXUXXU,0,214.85288276,52.798230542,20.331,False,False,
EGS_18861,XXXXXXX8,0,214.95463715,52.876574375,18.695,False,False,
EGS_18965,XXXXXXXX,0,214.79993949,52.763068746,19.6115,False,False,
EGS_2,XXXXXXXX,0,215.10840352,52.872029253,19.0309,False,False,
EGS_21437,XXXXXXXX,0,214.92059478,52.865884769,19.0821,False,False,
EGS_22681,XXUXXXXX,0,214.73867252,52.737268345,18.3994,False,False,
EGS_22773,XXXXXXXU,0,214.84921451,52.814769776,19.5333,False,False,
EGS_24365,XXUXXXXU,0,214.82972087,52.807224913,21.1258,False,False,
EGS_25312,XXXXXXXX,0,214.72155877,52.736309481,18.4268,False,False,
EGS_2546,XXUXXXXX,0,215.03770475,52.870757371,18.621,False,False,
EGS_25507,XXXXXXXU,0,214.82251666,52.807874419,19.3728,False,False,
EGS_25532,XXXXXXXU,0,214.88622319,52.857145994,18.8884,False,False,
EGS_2605,XXUXXUXX,0,215.0982671,52.917244651,18.1807,False,False,
EGS_28071,XXUXXXXU,0,214.83296305,52.825415402,20.4394,False,False,
EGS_28176,XXXXXXXU,0,214.87553856,52.866454232,18.1702,False,False,
EGS_29780,XXXXXXXX,0,214.94317231,52.910311011,19.9279,False,False,
EGS_30155,XXXXXXXX,0,214.89701294,52.880486539,19.9376,False,False,
EGS_30492,XXXXXXXX,0,214.77901709,52.800435684,19.3282,False,False,
EGS_30941,XXXXXXXX,0,214.87814422,52.876548084,19.5554,False,False,
EGS_30966,XXUXXXXX,0,214.87416447,52.868457503,19.3633,False,False,
EGS_3103,XXXXXXXX,0,214.97389287,52.832395645,18.6612,False,False,
EGS_31821,XXUXXXXX,0,214.73097037,52.76820683,20.8169,False,False,
EGS_31992,XXXXXXXX,0,214.79378613,52.81560956,20.665,False,False,
EGS_3225,XXXXXXXX,0,214.90737881,52.787409868,19.0192,False,False,
EGS_34299,XXXXXXXX,0,214.69127722,52.748753285,20.5249,False,False,
EGS_3545,XXXXXXXX,0,214.97330735,52.833811336,20.1145,False,False,
EGS_36830,XXXXXXXX,0,214.91497324,52.919169806,19.8427,False,False,
EGS_37218,XXXXXXXX,0,214.78260781,52.83106993,17.9944,False,False,
EGS_37672,XXXXXXXX,0,214.95706901,52.949448855,20.6532,False,False,
EGS_37856,XXUXXXXU,0,214.92377753,52.928118068,19.8592,False,False,
EGS_39195,XXUXXXUU,0,214.88323914,52.906835356,19.6765,False,False,
EGS_39758,XXXXXXXX,0,214.8845195,52.910216176,19.4666,False,False,
EGS_42604,XXXXXXXU,0,214.91330973,52.94074853,20.2513,False,False,
EGS_43,XXXXXXXX,0,215.1062331,52.850366492,18.6081,False,False,
EGS_43108,XXXXXXXX,0,214.92875711,52.952486099,22.3504,False,False,
EGS_43506,XXXXXXXX,0,214.7507553,52.833085065,19.3576,False,False,
EGS_44248,XXXXXXXX,0,214.79292693,52.867738316,18.9443,False,False,
EGS_44708,XXXXXXXX,0,214.93083176,52.963430832,19.7899,False,False,
EGS_45073,XXXXXXXX,0,214.94271731,52.973948061,20.0609,False,False,
EGS_46137,XXXXXXXX,0,214.99303317,53.011366864,22.9674,False,False,
EGS_46252,XXXXXXXX,0,214.84987855,52.910700168,22.1685,False,False,
EGS_4920,XXXXXXXX,0,215.10501033,52.932740072,20.194,False,False,
EGS_6710,XXXXXXXU,0,215.13902546,52.966907104,18.6493,False,False,
GSN_12754,XXXXXXXU,0,189.31032839,62.1763138,22.1688,False,False,
GSN_12789,XXUXXUXU,0,189.21862712,62.1765858,22.3069,False,False,
GSN_14949,XXXXXXXU,0,189.19149136,62.183612485,20.0963,False,False,
GSN_14952,XXUXXUUU,0,189.28596072,62.180859139,20.3818,False,False,
GSN_1614,XXUXXXXX,0,189.25622415,62.145015829,20.4873,False,False,
GSN_18213,XXUXXXXX,0,189.39250219,62.19130639,20.8565,False,False,
GSN_18226,XXXXXXXX,0,189.39251335,62.194352973,19.4411,False,False,
GSN_20511,XXUXXXXX,0,189.42067349,62.200123256,18.8208,False,False,
GSN_20626,XXXXXXXX,0,189.40437363,62.201357125,18.4999,False,False,
GSN_21219,XXUXXXXX,0,189.45893472,62.201632238,19.1395,False,False,
GSN_21513,XXUXUXXX,0,189.17480195,62.201504422,20.4814,False,False,
GSN_228,XXXXXXXX,0,189.2277544,62.134405452,20.0965,False,False,
GSN_25428,XXXXXXXX,0,189.20936204,62.211051802,20.909,False,False,
GSN_25488,XXXXXXXX,0,189.15682718,62.21138413,20.8448,False,False,
GSN_25702,XXXXXXXU,0,189.2094326,62.212730307,20.0786,False,False,
GSN_26035,XXUXXXXX,0,189.16637023,62.213894801,19.7151,False,False,
GSN_3026,XXXXXXXX,0,189.30317129,62.14756959,19.9588,False,False,
GSN_30567,XXXXXXXU,0,189.37621786,62.223940689,20.2559,False,False,
GSN_31889,XXXXXXXX,0,189.16038876,62.227506766,19.987,False,False,
GSN_31942,XXUXXUXX,0,189.38896679,62.227926707,19.949,False,False,
GSN_3341,XXXXXXXX,0,189.29295706,62.149623562,19.1471,False,False,
GSN_34084,XXXXXXXX,0,189.31815221,62.231403437,21.7718,False,False,
GSN_34379,XXUXUXXU,0,189.24744819,62.234665194,21.5327,False,False,
GSN_35757,XXXXXXXU,0,189.58171267,62.235350231,20.0421,False,False,
GSN_36533,XXXXXXXX,0,189.14065794,62.241942832,19.3666,False,False,
GSN_36737,XXXXXXXX,0,189.26219354,62.239892801,19.5219,False,False,
GSN_37080,XXXXXXXX,0,189.36122092,62.238583639,19.8938,False,False,
GSN_37410,XXXXXXXX,0,189.481993,62.251789798,17.2875,False,False,
GSN_38360,XXUXXXXX,0,189.49083213,62.241281111,19.9199,False,False,
GSN_38362,XXXXXXXX,0,189.2203426,62.245580205,18.6791,False,False,
GSN_38965,XXXXXXXX,0,189.07062658,62.243680429,19.2667,False,False,
GSN_39374,XXXXXXXX,0,189.38436875,62.242187407,20.611,False,False,
GSN_40013,XXXXXXXX,0,189.59668933,62.246828697,19.7001,False,False,
GSN_41304,XXXXXXXX,0,189.24968399,62.247213206,19.9158,False,False,
GSN_42037,XXXXXXXU,0,189.49496182,62.249529807,19.2936,False,False,
GSN_43472,XXXXXXXU,0,189.4159043,62.283813928,19.565,False,False,
GSN_43558,XXXXXXXX,0,189.10298229,62.252929284,19.1106,False,False,
GSN_4649,XXXXXXXX,0,189.42098687,62.153050945,19.7221,False,False,
GSN_4774,XXXXXXXX,0,189.42575344,62.15296115,20.1675,False,False,
GSN_47949,XXXXXXXX,0,189.09366663,62.262373895,19.5037,False,False,
GSN_4914,XXXXXXXX,0,189.23229148,62.154855533,19.4783,False,False,
GSN_49812,XXXXXUXX,0,189.46206715,62.266873293,18.8482,False,False,
GSN_50513,XXXXXXXX,0,189.30965935,62.266346885,20.2977,False,False,
GSN_51433,XXXXXXXU,0,189.00635578,62.269993603,19.536,False,False,
GSN_52110,XXXXXXXX,0,189.46970786,62.274500264,18.0473,False,False,
GSN_55904,XXXXXXXX,0,189.15505873,62.279439248,19.698,False,False,
GSN_58752,XXXXXXXX,0,189.3411653,62.285309345,20.64,False,False,
GSN_64404,XXXXXUXX,0,189.15865591,62.296595316,18.9017,False,False,
GSN_65957,XXXXXXXX,0,189.22009337,62.302149559,18.3644,False,False,
GSN_66338,XXXXXXXU,0,189.25630941,62.311849802,18.1454,False,False,
GSN_6702,XXXXXXXU,0,189.35334418,62.160709335,20.2601,False,False,
GSN_6904,XXXXXXXU,0,189.2026347,62.15895125,20.3426,False,False,
GSN_69438,XXUXXXXX,0,189.45465569,62.305696585,20.1926,False,False,
GSN_72760,XXXXXXXU,0,189.26430619,62.314324707,20.9164,False,False,
GSN_74879,XXXXXXXX,0,189.37382003,62.326299157,18.3909,False,False,
GSN_75898,XXXXXXXX,0,189.39165035,62.327040466,18.6205,False,False,
GSN_82832,XXXXXXXU,0,189.36341934,62.352145623,19.8983,False,False,
GSN_84428,XXXXXXXX,0,189.35138995,62.365957214,17.9787,False,False,
GSN_87211,XXXXXXXX,0,189.30640988,62.371173848,19.8573,False,False,
GSS_100206,XXXXXXXX,0,53.195231464,-27.753774771,20.2348,False,False,
GSS_100928,XXXXXXXX,0,53.109846378,-27.754257311,20.8857,False,False,
GSS_101292,XXXXXXXX,0,52.99450018,-27.750094451,20.0974,False,False,
GSS_103803,XXXXXXXX,0,53.040473302,-27.744923491,20.2681,False,False,
GSS_108157,XXUXXXXU,0,53.003737921,-27.73579491,20.2834,False,False,
GSS_110163,XXXXXXXX,0,53.05159877,-27.731555426,19.8825,False,False,
GSS_114181,XXXXXXXX,0,53.0046321,-27.725302966,19.8501,False,False,
GSS_116548,XXXXXXXX,0,53.048025725,-27.719738313,20.1025,False,False,
GSS_117442,XXXXXXXX,0,53.081640048,-27.717716581,20.1473,False,False,
GSS_118010,XXUXXXXU,0,53.150718421,-27.716182231,20.7922,False,False,
GSS_118149,XXXXXXXX,0,53.047136281,-27.709056616,19.2303,False,False,
GSS_118419,XXXXXXXX,0,53.142158308,-27.715355796,20.934,False,False,
GSS_119558,XXXXXXXX,0,53.197136394,-27.713182465,20.3456,False,False,
GSS_119639,XXXXXXXU,0,53.176497176,-27.710553806,19.3473,False,False,
GSS_120901,XXXXXXXX,0,53.090046009,-27.709208296,23.1506,False,False,
GSS_121750,XXUXXXXX,0,53.142715491,-27.706887229,20.3706,False,False,
GSS_122251,XXXXXXXX,0,53.190714321,-27.703963367,23.2057,False,False,
GSS_122305,XXXXXXXX,0,53.010956551,-27.700668902,20.3144,False,False,
GSS_122526,XXXXXXXX,0,53.015682988,-27.701727154,22.4257,False,False,
GSS_122859,XXXXXXXX,0,53.044899555,-27.695997745,19.8533,False,False,
GSS_123775,XXXXXXXX,0,53.155755159,-27.690616156,18.6486,False,False,
GSS_123900,XXXXXXXX,0,53.158563858,-27.691209844,19.962,False,False,
GSS_125439,UXUXXUXX,0,53.183957754,-27.661655718,17.987,False,False,
GSS_125507,XXXXXXXX,0,53.144756149,-27.666005392,18.5031,False,False,
GSS_125540,XXXXXXXX,0,53.174939298,-27.663680219,18.0452,False,False,
GSS_15452,XXXXXXXU,0,53.008813712,-27.893837889,20.9085,False,False,
GSS_17705,XXXXXXXU,0,53.006887361,-27.888324922,21.7008,False,False,
GSS_18269,XXXXXXXU,0,53.302423742,-27.889575383,19.9675,False,False,
GSS_18749,XXXXXXXX,0,53.128820645,-27.88650606,20.5844,False,False,
GSS_209,XXXXXXXX,0,53.060303229,-27.941171196,20.1934,False,False,
GSS_21,XXXXXXXX,0,53.061739666,-27.943911736,19.858,False,False,
GSS_22251,XXXXXXXX,0,53.164518499,-27.88379009,19.4602,False,False,
GSS_22403,XXUXXXXX,0,53.284316222,-27.881400767,19.2472,False,False,
GSS_2536,XXXXXXXX,0,53.10280416,-27.903251063,19.744,False,False,
GSS_2559,XXXXXUXX,0,53.105010686,-27.89305534,19.0171,False,False,
GSS_26022,XXXXXXXX,0,53.299935552,-27.877925184,19.2459,False,False,
GSS_28099,XXXXXXXU,0,53.071535627,-27.87245627,19.6093,False,False,
GSS_28357,XXXXXXXX,0,53.073386154,-27.874579689,19.1779,False,False,
GSS_28690,XXXXXXXX,0,53.171292517,-27.870971754,20.5725,False,False,
GSS_28926,XXXXXXXX,0,53.081298482,-27.871583253,19.7239,False,False,
GSS_30015,XXXXXXXX,0,53.084417714,-27.872723357,19.3692,False,False,
GSS_31921,XXXXXXXX,0,53.150876124,-27.868321603,19.5549,False,False,
GSS_32135,XXXXXXXX,0,53.116777174,-27.865547983,20.1273,False,False,
GSS_32816,XXXXXXXU,0,53.106065082,-27.865189649,20.0706,False,False,
GSS_35105,XXXXXXXX,0,53.325617067,-27.864249417,19.7587,False,False,
GSS_35501,XXXXXXXX,0,53.23971017,-27.850913486,18.3162,False,False,
GSS_36358,XXXXXXXX,0,53.272394167,-27.863222576,19.0353,False,False,
GSS_36734,XXXXXXXX,0,52.984808847,-27.85871654,19.3496,False,False,
GSS_37160,XXXXXXXX,0,53.314803221,-27.860004556,19.6568,False,False,
GSS_3881,XXXXXXXX,0,53.116291929,-27.923622954,22.8949,False,False,
GSS_38944,XXXXXXXX,0,53.011500639,-27.858265046,19.12,False,False,
GSS_39710,XXUXXXXU,0,53.291128408,-27.858701601,19.6031,False,False,
GSS_3991,XXXXXXXX,0,53.062615671,-27.92301841,20.4347,False,False,
GSS_39997,XXXXXXXX,0,53.137827385,-27.856628291,20.1016,False,False,
GSS_40788,XXXXXXXX,0,53.30980759,-27.853990178,20.8958,False,False,
GSS_41648,XXXXXXXX,0,53.045707865,-27.851432461,21.7923,False,False,
GSS_42039,XXXXXXXX,0,53.016944851,-27.851735698,20.4513,False,False,
GSS_43531,XXUXXUXU,0,52.956350841,-27.849882177,20.0252,False,False,
GSS_44020,XXUXXXXU,0,53.076400365,-27.848666934,19.7125,False,False,
GSS_44346,XXXXXXXX,0,52.930512986,-27.850589824,18.038,False,False,
GSS_44885,XXXXXXXX,0,53.074473428,-27.849814499,17.6388,False,False,
GSS_46018,XXXXXXXU,0,52.926548931,-27.843271863,20.4542,False,False,
GSS_46075,XXXXXXXU,0,52.946473752,-27.847543365,19.3505,False,False,
GSS_46207,XXXXXXXU,0,53.021883193,-27.846926228,20.3585,False,False,
GSS_47562,XXXXXXXX,0,53.251748913,-27.846045445,19.1317,False,False,
GSS_47578,XXXXXXXU,0,53.122345187,-27.846871169,20.1277,False,False,
GSS_48881,XXXXXXXX,0,53.274522291,-27.842822302,20.2,False,False,
GSS_51485,XXXXXXXX,0,53.12728434,-27.838591322,21.7249,False,False,
GSS_52264,XXXXXXXX,0,53.266098117,-27.840593324,19.4254,False,False,
GSS_5320,XXXXXXXX,0,53.054738515,-27.91469821,18.4158,False,False,
GSS_54293,XXXXXXXX,0,53.261417357,-27.835212523,20.2892,False,False,
GSS_56894,XXXXXXXX,0,53.136105665,-27.82903711,18.6803,False,False,
GSS_58337,XXXXXXXX,0,52.910407321,-27.828973448,20.1758,False,False,
GSS_60939,XXXXXXXX,0,52.95578743,-27.825924513,19.6214,False,False,
GSS_60967,XXXXXXUU,0,53.107257522,-27.826750172,19.14,False,False,
GSS_6142,XXXXXXUX,0,53.165381606,-27.918805487,22.2515,False,False,
GSS_61512,XXXXXXXX,0,52.965184265,-27.825146568,19.0971,False,False,
GSS_62615,XXXXXXXX,0,53.053319197,-27.824345531,19.4946,False,False,
GSS_6265,XXXXXXXX,0,52.983360806,-27.91486617,19.4624,False,False,
GSS_62847,XXXXXXXX,0,53.031607727,-27.824103637,19.3586,False,False,
GSS_63250,XXXXXXXX,0,52.957764029,-27.822451184,21.7794,False,False,
GSS_65785,XXXXXXXX,0,52.962308918,-27.818298924,20.5269,False,False,
GSS_68203,XXUXXXXU,0,53.102542708,-27.814308544,19.9819,False,False,
GSS_68834,XXXXXXXX,0,52.997536658,-27.814984015,19.4517,False,False,
GSS_69133,XXUXXXXU,0,53.084283792,-27.8140376,19.2848,False,False,
GSS_70482,XXXXXXXX,0,52.958431447,-27.811352049,19.3003,False,False,
GSS_73221,XXXXXXXX,0,53.221200318,-27.806155648,20.0832,False,False,
GSS_77781,XXXXXXXX,0,53.18023498,-27.798928508,19.7539,False,False,
GSS_7858,XXXXXXXX,0,52.99954743,-27.908665066,19.0669,False,False,
GSS_78963,XXUXXUXX,0,53.066761305,-27.797223137,20.3248,False,False,
GSS_82578,XXXXXXXX,0,52.988370165,-27.789476222,20.0954,False,False,
GSS_84152,XXXXXXXX,0,53.087154859,-27.784855392,18.9007,False,False,
GSS_84255,XXUXXXXU,0,53.160343065,-27.784001953,19.4711,False,False,
GSS_8461,XXXXXXXX,0,53.111976816,-27.906483234,20.2502,False,False,
GSS_84884,XXXXXUXU,0,53.091602569,-27.782181129,19.1702,False,False,
GSS_85791,XXXXXXXX,0,53.032143304,-27.785093354,22.1843,False,False,
GSS_88979,XXUXXXXU,0,53.00264895,-27.775898048,19.7584,False,False,
GSS_89177,XXXXXXXX,0,52.972181399,-27.776988197,20.6338,False,False,
GSS_8985,XXXXXXXX,0,53.080363951,-27.901702092,18.462,False,False,
GSS_91086,XXXXXXXU,0,53.169943497,-27.771047268,19.7039,False,False,
GSS_91258,XXUXXXXU,0,53.131119803,-27.773110088,20.2701,False,False,
GSS_92039,XXXXXXXX,0,53.01991466,-27.770703574,19.8581,False,False,
GSS_92911,XXXXXXXX,0,53.096429979,-27.77010506,20.0611,False,False,
GSS_94384,XXXXXXXX,0,53.136295598,-27.763181383,19.269,False,False,
GSS_94411,XXXXXXXX,0,53.113894261,-27.767551931,21.0756,False,False,
GSS_94685,XXXXXXXX,0,53.137576442,-27.763172792,19.1468,False,False,
GSS_95984,XXXXXXXX,0,53.163589916,-27.758941315,19.6569,False,False,
GSS_98893,XXXXXUXX,0,53.126441186,-27.756543728,19.5924,False,False,
GSS_99708,XXXXXXXX,0,53.102795708,-27.756052416,22.0396,False,False,
GSS_99816,XXXXXXXU,0,53.127410531,-27.755118136,20.0302,False,False,
UDS_11425,XXXXXXXU,0,34.408119418,-5.291109473,19.4541,False,False,
UDS_14816,XXXXXXXX,0,34.507818428,-5.2855217239,20.5129,False,False,
UDS_15722,XXXXXXXU,0,34.519583343,-5.2830035033,18.3338,False,False,
UDS_16117,XXXXXXXX,0,34.50906463,-5.2819930879,19.5616,False,False,
UDS_19708,XXXXXUXX,0,34.268275018,-5.2715827139,19.9118,False,False,
UDS_2018,XXXXXXXX,0,34.302993017,-5.3159416512,19.8519,False,False,
UDS_20359,XXXXXXXX,0,34.224446116,-5.2709850371,20.1193,False,False,
UDS_2074,XXXXXUXU,0,34.341695571,-5.3181198722,20.5462,False,False,
UDS_2270,XXXXXXXX,0,34.374053085,-5.3133909565,18.2745,False,False,
UDS_23172,XXXXXXXX,0,34.310323404,-5.2627303867,19.06,False,False,
UDS_23306,XXXXXXXX,0,34.347225729,-5.2619445735,19.7016,False,False,
UDS_24670,XXUXXUXU,0,34.491557085,-5.2574935417,20.1333,False,False,
UDS_24932,XXXXXXXX,0,34.435665817,-5.2561926755,18.2096,False,False,
UDS_2565,XXUXXXXX,0,34.52795914,-5.3161587342,19.4364,False,False,
UDS_27589,XXXXXXXX,0,34.37278354,-5.2511538704,19.3389,False,False,
UDS_2869,XXXXXXXX,0,34.37738255,-5.3135432362,19.7271,False,False,
UDS_28740,XXXXXXXX,0,34.226041575,-5.2489669463,18.6634,False,False,
UDS_33012,XXXXXXXX,0,34.576263943,-5.2412931445,20.4063,False,False,
UDS_33378,XXXXXXXX,0,34.399094412,-5.2390518854,19.8716,False,False,
UDS_38081,XXXXXXXX,0,34.256334625,-5.2273002101,19.266,False,False,
UDS_40155,XXXXXXXU,0,34.246596275,-5.2157221504,19.9989,False,False,
UDS_40578,XXXXXXXX,0,34.48016876,-5.2206041639,19.7113,False,False,
UDS_40743,XXUXXXXX,0,34.378670093,-5.2181696778,19.0733,False,False,
UDS_40818,XXXXXXXU,0,34.315157706,-5.2188044208,19.6049,False,False,
UDS_42095,XXXXXXXX,0,34.345841235,-5.214120209,19.0764,False,False,
UDS_45193,XXXXXXXX,0,34.320763913,-5.2032737501,19.3196,False,False,
UDS_45554,XXXXXXXX,0,34.390345777,-5.2011389521,19.2037,False,False,
UDS_45906,XXXXUUUX,0,34.397223676,-5.202144385,19.5787,False,False,
UDS_46369,XXXXXUXX,0,34.341574797,-5.1990208361,19.3396,False,False,
UDS_48455,XXXXXXXX,0,34.280767743,-5.1904564256,18.754,False,False,
UDS_48865,XXXXXUXX,0,34.424160909,-5.1927031473,21.5165,False,False,
UDS_491,XXUXXUXX,0,34.480673351,-5.324477829,19.6865,False,False,
UDS_49471,XXXXXXXX,0,34.364448206,-5.1869237494,18.0486,False,False,
UDS_49575,XXXXXXXX,0,34.511568629,-5.1896643113,21.2307,False,False,
UDS_53876,XXXXXXXU,0,34.328685135,-5.1748764763,19.4056,False,False,
UDS_54139,XXXXXUXX,0,34.249930511,-5.1712378767,18.3596,False,False,
UDS_55112,XXXXXXXU,0,34.258854563,-5.1727645913,20.401,False,False,
UDS_55953,XXUXXXXU,0,34.322909043,-5.1676082818,18.974,False,False,
UDS_57806,XXXXXXXX,0,34.241783809,-5.165928506,20.7678,False,False,
UDS_58393,XXXXXXXX,0,34.37667688,-5.1638062462,19.3396,False,False,
UDS_58515,XXXXXXXU,0,34.352601216,-5.1626382307,19.7484,False,False,
UDS_60598,XXUXXXXY,0,34.317842215,-5.1585362291,22.2096,False,False,
UDS_6115,XXXXXXXX,0,34.376544095,-5.3045587181,20.1447,False,False,
UDS_61777,XXUXXUXU,0,34.505170616,-5.1549896243,20.4716,False,False,
UDS_61815,XXUXXXXU,0,34.229696492,-5.154820261,22.1356,False,False,
UDS_62084,XXXXXXXU,0,34.339857437,-5.1496266588,19.6483,False,False,
UDS_64774,XXXXXXXU,0,34.407701505,-5.1476419068,20.8072,False,False,
UDS_66774,XXXXXXXU,0,34.422599126,-5.139463306,19.6525,False,False,
UDS_6719,XXXXXXXX,0,34.424869318,-5.2993101073,19.0871,False,False,
UDS_67463,XXXXXXXU,0,34.21115697,-5.1378258468,20.3738,False,False,
UDS_69049,XXXXXXXU,0,34.341447316,-5.1308234922,18.449,False,False,
UDS_71632,XXUXXXXX,0,34.244932743,-5.1272065878,19.2927,False,False,
UDS_73318,XXXXXXXX,0,34.268311503,-5.1218857205,19.6678,False,False,
UDS_73551,XXXXXXXX,0,34.330155365,-5.122405239,19.007,False,False,
UDS_74682,XXXXXXXX,0,34.218756088,-5.1200460355,20.1069,False,False,
UDS_75077,XXUXXXXX,0,34.205962794,-5.1169848987,19.2011,False,False,
UDS_75318,XXUXXXXU,0,34.379870028,-5.1193528017,19.3661,False,False,
UDS_75453,XXXXXXXX,0,34.258364244,-5.1128851921,18.6602,False,False,
UDS_76058,XXXXXXXX,0,34.261915782,-5.1125568917,19.7335,False,False,
UDS_77013,XXXXXXXX,0,34.427547835,-5.1119570788,19.021,False,False,
UDS_77163,XXUXXXXX,0,34.249595553,-5.1122641604,18.9322,False,False,
UDS_77231,XXXXXXXX,0,34.227653895,-5.1124944943,20.4413,False,False,
UDS_7807,XXXXXXXX,0,34.603483166,-5.297350404,18.6099,False,False,
UDS_78821,XXXXXXXX,0,34.249063391,-5.1061035106,18.7087,False,False,
UDS_80394,XXXXXXXU,0,34.226555343,-5.1015740335,20.2035,False,False,
UDS_82051,XXXXXXXX,0,34.262319089,-5.0844120765,19.2427,False,False,
UDS_84877,XXUXXXXU,0,34.393555482,-5.0994805396,20.2496,False,False,
UDS_86858,XXXXXXXX,0,34.210581739,-5.1049414455,20.1947,False,False,
UDS_86999,XXXXXXXU,0,34.369975624,-5.1027290911,21.7005,False,False,
UDS_88014,XXXXXXXX,0,34.200861273,-5.0677849161,21.8293,False,False,
UDS_88466,XXXXXXXX,0,34.282880298,-5.088565426,20.0273,False,False,
UDS_88618,XXXXXXXX,0,34.374671675,-5.0953268627,19.0727,False,False,
UDS_8901,XXUXXXXX,0,34.402122021,-5.298551769,20.624,False,False,
UDS_91786,XXXXXXXU,0,34.389151224,-5.0813899108,19.4315,False,False,
UDS_924,XXXXXXXX,0,34.293190321,-5.3223505112,20.1301,False,False,
UDS_9827,XXXXXXXU,0,34.474967367,-5.2970274077,20.5341,False,False,
Web_028_1049,XXXXXXXU,0,150.2420196533203,1.793756365776062,19.572900772094727,False,True,
Web_028_299,XXXXXXXU,0,150.28543090820312,1.7449970245361328,19.39550018310547,False,True,
Web_028_3622,XXUXXUXX,0,150.27919006347656,1.7641130685806274,19.16080093383789,False,True,
Web_028_4591,XXXXXXXU,0,150.24697875976562,1.755922794342041,19.957799911499023,False,True,
Web_029_436,XXXXXXXU,0,150.20265197753906,1.7897783517837524,19.956899642944336,False,True,
Web_040_14802,XXUXXXXU,0,150.3304901123047,1.9060711860656736,19.679500579833984,False,True,
Web_040_15233,XXUXXXXV,0,150.25811767578125,1.9089655876159668,19.2096004486084,False,True,
Web_040_15771,XXXXXXXX,0,150.30345153808594,1.91126549243927,20.105199813842773,False,True,
Web_040_16770,XXXXXXXX,0,150.26255798339844,1.9185988903045657,20.28350067138672,False,True,
Web_040_18103,XXXXXXXX,0,150.35101318359375,1.935580492019653,21.441200256347656,False,True,
Web_040_18590,XXXXXXXX,0,150.2781524658203,1.9391446113586424,19.87470054626465,False,True,
Web_040_19782,XXXXXXXX,0,150.2325897216797,1.9510633945465088,19.31529998779297,False,True,
Web_040_19952,XXXXXXXX,0,150.34825134277344,1.9489940404891968,17.917800903320312,False,True,
Web_040_20705,XXXXXXXX,0,150.27047729492188,1.9421743154525757,21.844200134277344,True,True,COSJ100104+015631
Web_040_21153,XXXXXXXU,0,150.30210876464844,1.939154028892517,19.29780006408692,False,True,
Web_040_21617,XXXXXXXU,0,150.28843688964844,1.9334486722946167,20.65080070495605,False,True,
Web_040_22453,XXXXXXXX,0,150.32723999023438,1.928539752960205,18.79850006103516,False,True,
Web_040_4401,XXXXXXXX,0,150.27378845214844,1.8408782482147217,17.482900619506836,True,True,COSJ100105+015027
Web_040_4551,XXUXXXXX,0,150.25314331054688,1.831395983695984,19.38549995422364,False,True,
Web_040_6148,XXXXXXXU,0,150.2308807373047,1.8449910879135132,19.92799949645996,False,True,
Web_040_7073,XXXXXXXU,0,150.3277130126953,1.849362850189209,19.80470085144043,False,True,
Web_040_7135,XXXXXXXU,0,150.34625244140625,1.8502980470657349,20.35740089416504,False,True,
Web_040_8382,XXXXXXXU,0,150.25091552734375,1.863988161087036,18.52140045166016,False,True,
Web_040_8426,XXXXXXXX,0,150.31280517578125,1.8600996732711792,20.63170051574707,False,True,
Web_040_9277,XXXXXXXU,0,150.2653045654297,1.8686442375183103,19.38809967041016,True,True,COSJ100103+015207
Web_040_9927,XXXXXXXU,0,150.23080444335938,1.8712289333343504,20.296600341796875,False,True,
Web_041_10905,XXXXXXXX,0,150.12228393554688,1.869434118270874,19.74799919128418,False,True,
Web_041_11311,XXXXXXXU,0,150.13323974609375,1.8716304302215576,20.175199508666992,False,True,
Web_041_11516,XXXXXXXX,0,150.15155029296875,1.872808575630188,19.09000015258789,False,True,
Web_041_1387,XXXXXXXX,0,150.1634979248047,1.8057212829589844,20.14970016479492,False,True,
Web_041_13982,XXUXXXXX,0,150.13792419433594,1.8898323774337769,19.15180015563965,False,True,
Web_041_14412,XXXXXXXU,0,150.18190002441406,1.8914672136306765,19.743099212646484,False,True,
Web_041_15024,XXXXXXXU,0,150.08023071289062,1.894921064376831,19.92510032653809,False,True,
Web_041_15314,XXXXXXXU,0,150.1632843017578,1.8969324827194216,20.10110092163086,False,True,
Web_041_15740,XXXXXXXX,0,150.18824768066406,1.9079837799072263,19.947099685668945,False,True,
Web_041_15767,XXXXXXXU,0,150.12628173828125,1.898430109024048,20.65819931030273,False,True,
Web_041_15774,XXXXXXXX,0,150.1378631591797,1.9039454460144043,17.966699600219727,False,True,
Web_041_16365,XXXXXXXX,0,150.1170196533203,1.905173182487488,18.9197006225586,False,True,
Web_041_16415,XXXXXXXX,0,150.08273315429688,1.907425880432129,19.51000022888184,False,True,
Web_041_17726,XXXXXXXU,0,150.12570190429688,1.9136946201324463,19.524599075317383,False,True,
Web_041_1999,XXXXXXXU,0,150.1016387939453,1.8135367631912231,19.215499877929688,False,True,
Web_041_23513,XXXXXXXU,0,150.13729858398438,1.933427691459656,19.44099998474121,False,True,
Web_041_23711,XXXXXXXX,0,150.0915985107422,1.930928349494934,18.34779930114746,False,True,
Web_041_24150,XXXXXXXX,0,150.1100616455078,1.9535701274871824,19.09469985961914,False,True,
Web_041_24730,XXUXXXXU,0,150.1728057861328,1.9237439632415771,20.459800720214844,False,True,
Web_041_3266,XXXXXXXX,0,150.19381713867188,1.8209877014160156,19.36829948425293,False,True,
Web_041_4653,XXXXXXXX,0,150.17042541503906,1.8300122022628784,19.174999237060547,False,True,
Web_041_6743,XXUXXXXX,0,150.19515991210938,1.8415112495422363,20.61210060119629,True,True,COSJ100046+015029
Web_041_6795,XXUXXXXU,0,150.13833618164062,1.844037413597107,19.57080078125,True,True,COSJ100033+015039
Web_041_708,XXXXXXXU,0,150.20057678222656,1.7994776964187622,20.048099517822266,False,True,
Web_041_7461,XXXXXXXX,0,150.21311950683594,1.8492642641067505,18.94770050048828,False,True,
Web_041_7488,XXXXXXXU,0,150.13998413085938,1.846971035003662,20.38170051574707,False,True,
Web_042_11274,XXXXXXXX,0,149.9457550048828,1.9219038486480713,19.84289932250977,False,True,
Web_042_11649,XXXXXXXX,0,150.03172302246094,1.9517390727996824,19.7549991607666,False,True,
Web_042_12397,XXXXXXXX,0,149.9273223876953,1.9382869005203247,19.34760093688965,False,True,
Web_042_12580,XXXXXXXU,0,149.96180725097656,1.9357752799987793,19.887300491333008,False,True,
Web_042_12884,XXXXXXXX,0,149.94842529296875,1.932148814201355,18.51930046081543,False,True,
Web_042_1393,XXXXXXXU,0,150.052734375,1.86046838760376,19.138999938964844,False,True,
Web_042_140,XXXXXXXX,0,150.044921875,1.8332815170288088,18.769800186157227,False,True,
Web_042_1481,XXXXXXXX,0,149.9928741455078,1.857849597930908,19.39879989624023,False,True,
Web_042_1631,XXXXXXXX,0,149.998046875,1.856812834739685,20.681900024414062,False,True,
Web_042_2633,XXXXXXXX,0,150.01661682128906,1.870256781578064,18.13479995727539,False,True,
Web_042_3239,XXXXXXXX,0,149.99774169921875,1.8752825260162351,18.624000549316406,False,True,
Web_042_3285,XXXXXXXX,0,150.0172119140625,1.8708419799804688,21.46529960632324,False,True,
Web_042_746,XXXXXXXU,0,150.03240966796875,1.8461331129074097,19.77020072937012,False,True,
Web_042_7797,XXXXXXXX,0,149.90626525878906,1.9006993770599363,20.25480079650879,False,True,
Web_042_7827,XXUXXXXX,0,150.04296875,1.9145686626434328,18.624900817871097,False,True,
Web_042_9201,XXXXXXXX,0,149.99591064453125,1.9129064083099363,18.84280014038086,False,True,
Web_042_9255,XXXXXXXU,0,150.0459747314453,1.9106113910675049,19.90399932861328,False,True,
Web_042_9739,XXXXXXXX,0,150.02499389648438,1.9147824048995972,17.976499557495117,False,True,
Web_043_14,XXXXXXXX,0,149.85903930664062,1.918789982795715,18.542600631713867,False,True,
Web_043_159,XXXXXXXX,0,149.86204528808594,1.8948166370391848,18.122499465942383,False,True,
Web_043_2463,XXXXXXXU,0,149.8651123046875,1.957619547843933,20.651899337768555,False,True,
Web_043_2984,XXXXXXXX,0,149.75076293945312,1.9508403539657593,19.26679992675781,False,True,
Web_043_3792,XXXXXXXX,0,149.88621520996094,1.9419244527816772,18.617000579833984,False,True,
Web_043_5358,XXUXXXXU,0,149.78915405273438,1.929866909980774,19.16889953613281,False,True,
Web_051_2682,XXXXXXXX,0,150.3952178955078,2.0718796253204346,20.440200805664062,False,True,
Web_051_3337,XXUXXUXX,0,150.39312744140625,2.0854392051696777,20.33130073547364,False,True,
Web_051_3492,XXXXXXXU,0,150.43014526367188,2.0868980884552,19.143999099731445,False,True,
Web_051_3727,XXXXXXXU,0,150.42408752441406,2.123004674911499,19.241500854492188,False,True,
Web_051_4125,XXXXXXXU,0,150.41456604003906,2.0974788665771484,20.096799850463867,False,True,
Web_051_5318,XXXXXXXU,0,150.44427490234375,2.1071319580078125,19.82859992980957,False,True,
Web_051_5351,XXXXXXXU,0,150.44728088378906,2.1067025661468506,19.67790031433105,False,True,
Web_051_656,XXXXXXXX,0,150.39971923828125,2.014277458190918,18.77630043029785,False,True,
Web_052_10261,XXXXXUXX,0,150.28013610839844,2.020970582962036,18.651599884033203,False,True,
Web_052_11137,XXXXXXXU,0,150.2872314453125,2.025599956512451,20.406700134277344,False,True,
Web_052_12741,XXXXXXXU,0,150.28721618652344,2.0338056087493896,19.932899475097656,False,True,
Web_052_13324,XXXXXXXX,0,150.23837280273438,2.0375683307647705,20.03319931030273,False,True,
Web_052_14256,XXXXXUXX,0,150.2664337158203,2.049852132797241,18.604900360107425,False,True,
Web_052_14373,XXXXXXXX,0,150.2773895263672,2.046785831451416,18.99449920654297,False,True,
Web_052_17179,XXUXXXXX,0,150.37954711914062,2.0624496936798096,17.73780059814453,False,True,
Web_052_1812,XXXXXXXU,0,150.27870178222656,1.970909833908081,19.73590087890625,False,True,
Web_052_18284,XXXXXXXX,0,150.381591796875,2.0643911361694336,19.80590057373047,False,True,
Web_052_1907,XXXXXXXX,0,150.2601776123047,1.9699864387512207,21.04080009460449,False,True,
Web_052_19570,XXXXXXXX,0,150.29147338867188,2.073073148727417,18.991500854492188,False,True,
Web_052_19880,XXUXXUXX,0,150.23095703125,2.0727639198303223,20.18110084533692,False,True,
Web_052_20154,XXXXXXXX,0,150.24452209472656,2.075824737548828,19.550800323486328,False,True,
Web_052_20500,XXXXXXXX,0,150.31007385253906,2.0766255855560303,19.557100296020508,False,True,
Web_052_21060,XXXXXXXX,0,150.3911590576172,2.0839807987213135,19.04910087585449,False,True,
Web_052_23490,XXXXXXXX,0,150.32798767089844,2.1190290451049805,18.63789939880371,False,True,
Web_052_23495,XXXXXXXX,0,150.2970733642578,2.1177163124084473,18.51849937438965,False,True,
Web_052_25094,XXXXXXXX,0,150.343017578125,2.1097660064697266,19.773500442504883,False,True,
Web_052_2653,XXXXXXXX,0,150.26852416992188,1.9751909971237185,19.152999877929688,False,True,
Web_052_28067,XXXXXXXX,0,150.2869110107422,2.0910112857818604,19.69969940185547,False,True,
Web_052_28601,XXXXXXXU,0,150.3227081298828,2.123887300491333,17.434799194335938,False,True,
Web_052_3312,XXXXXUXU,0,150.3503875732422,1.9810973405838013,19.308900833129883,False,True,
Web_052_4638,XXXXXXXX,0,150.2588653564453,1.9887112379074097,19.70499992370605,False,True,
Web_052_492,XXXXXXXX,0,150.28561401367188,1.96197247505188,20.0044002532959,False,True,
Web_052_5020,XXXXXXXU,0,150.38807678222656,1.9915283918380735,19.62190055847168,False,True,
Web_052_7001,XXXXXXXU,0,150.3699951171875,2.0004162788391113,20.59910011291504,False,True,
Web_052_9711,XXXXXXXU,0,150.29116821289062,2.017362356185913,19.579099655151367,False,True,
Web_052_9933,XXXXXXXX,0,150.34339904785156,2.019965410232544,19.00690078735352,False,True,
Web_052_9953,XXXXXXXX,0,150.3653564453125,2.020773410797119,18.7780990600586,False,True,
Web_053_10120,XXXXXXXX,0,150.09909057617188,2.0228493213653564,18.920000076293945,False,True,
Web_053_10291,XXXXXXXX,0,150.07730102539062,2.024212598800659,18.092500686645508,False,True,
Web_053_10653,XXXXXXXU,0,150.10693359375,2.022552728652954,20.518699645996097,False,True,
Web_053_11552,XXXXXXXX,0,150.15553283691406,2.027599334716797,20.39559936523437,False,True,
Web_053_13321,XXXXXXXU,0,150.0918731689453,2.040224552154541,20.143699645996097,False,True,
Web_053_17243,XXXXXXXX,0,150.21322631835938,2.064828634262085,18.54360008239746,False,True,
Web_053_17449,XXXXXXXX,0,150.07676696777344,2.065600872039795,19.09530067443848,False,True,
Web_053_18004,XXXXXXXX,0,150.21177673339844,2.068336248397827,18.508899688720703,False,True,
Web_053_18059,XXXXXXXX,0,150.0952911376953,2.0648653507232666,19.31480026245117,False,True,
Web_053_18186,XXXXXXXX,0,150.1291046142578,2.0654337406158447,20.84079933166504,False,True,
Web_053_20032,XXXXXXXX,0,150.1753387451172,2.0789639949798584,18.91670036315918,False,True,
Web_053_20439,XXXXXXXX,0,150.10440063476562,2.0800299644470215,19.56739997863769,False,True,
Web_053_22973,XXXXXXXU,0,150.18209838867188,2.1134095191955566,18.776199340820312,False,True,
Web_053_23489,XXXXXUXX,0,150.18348693847656,2.1157405376434326,18.82439994812012,False,True,
Web_053_23842,XXXXXXXX,0,150.15147399902344,2.1145572662353516,17.91320037841797,False,True,
Web_053_23938,XXXXXXXU,0,150.2244110107422,2.105602502822876,19.65880012512207,False,True,
Web_053_24558,XXXXXXXU,0,150.201416015625,2.0996854305267334,20.34589958190918,False,True,
Web_053_27754,XXXXXXXX,0,150.12008666992188,2.0910704135894775,20.0398006439209,False,True,
Web_053_28662,XXXXXUXX,0,150.15219116210938,2.097637891769409,19.30150032043457,False,True,
Web_053_28744,XXXXXXXU,0,150.07862854003906,2.123009443283081,17.81529998779297,False,True,
Web_053_29047,XXXXXXXX,0,150.20692443847656,2.1235740184783936,19.80550003051757,False,True,
Web_053_3014,XXXXXXXX,0,150.16221618652344,1.9915564060211184,16.31879997253418,False,True,
Web_053_3585,XXXXXXXX,0,150.19754028320312,1.985716700553894,19.34569931030273,False,True,
Web_053_3690,XXXXXXXX,0,150.20863342285156,1.984407901763916,18.85969924926757,False,True,
Web_053_6885,XXUXXXXU,0,150.19029235839844,2.0001590251922607,19.95479965209961,False,True,
Web_053_6985,XXUXXXXU,0,150.1011199951172,2.003185272216797,18.8075008392334,False,True,
Web_053_7125,XXXXXXXX,0,150.1331329345703,2.002568244934082,19.682899475097656,False,True,
Web_053_7258,XXXXXXUU,0,150.12696838378906,2.0031180381774902,19.83639907836914,False,True,
Web_053_8269,XXXXXXXX,0,150.22872924804688,2.008909225463867,19.824199676513672,False,True,
Web_053_8459,XXXXXXXU,0,150.111328125,2.0104691982269287,20.10300064086914,False,True,
Web_053_8479,XXUXXXXX,0,150.22251892089844,2.011678695678711,18.881799697875977,True,True,COSJ100053+020042
Web_053_9603,XXXXXXXX,0,150.06802368164062,2.0171058177948,19.530000686645508,False,True,
Web_053_9757,XXXXXXXX,0,150.19085693359375,2.0219240188598633,18.654699325561523,False,True,
Web_054_0,XXXXXXXX,0,149.99949645996094,1.9869598150253296,17.30590057373047,False,True,
Web_054_10194,XXXXXXXX,0,149.9103240966797,2.023345947265625,20.17060089111328,False,True,
Web_054_10326,XXXXXXXX,0,150.0221710205078,2.026503562927246,18.24760055541992,False,True,
Web_054_11908,XXXXXXXX,0,149.99838256835938,2.035135507583618,19.99799919128418,False,True,
Web_054_11975,XXXXXXXU,0,150.01193237304688,2.037205696105957,19.156200408935547,False,True,
Web_054_13296,XXXXXXXX,0,149.93370056152344,2.0442728996276855,19.312400817871097,False,True,
Web_054_1581,XXXXXXXX,0,149.92735290527344,1.9711079597473145,19.58839988708496,False,True,
Web_054_1653,XXUXXXXX,0,149.92308044433594,1.9708632230758667,19.76639938354492,False,True,
Web_054_16648,XXUXXXXU,0,149.99864196777344,2.0634329319000244,19.431699752807617,False,True,
Web_054_21168,XXUXXUXX,0,149.916015625,2.113078355789185,18.15390014648437,False,True,
Web_054_23553,XXUXXUXU,0,150.04664611816406,2.1081438064575195,19.000900268554688,False,True,
Web_054_25726,XXXXXXXX,0,149.96771240234375,2.095252752304077,19.456100463867188,False,True,
Web_054_27649,XXXXXXXX,0,150.01422119140625,2.123166799545288,19.30680084228516,False,True,
Web_054_3886,XXXXXXXX,0,150.05113220214844,1.989430546760559,17.39620018005371,False,True,
Web_054_4402,XXUXUUXX,0,149.97714233398438,2.004841566085815,17.23150062561035,False,True,
Web_054_4833,XXXXXXXX,0,150.05929565429688,1.9976601600646973,18.781099319458008,False,True,
Web_054_5422,XXXXXXXX,0,149.9641876220703,1.9953575134277344,19.122100830078125,False,True,
Web_054_6457,XXXXXXXX,0,149.96188354492188,2.0037930011749268,18.7509994506836,True,True,COSJ095950+020013
Web_054_6461,XXXXXXXU,0,149.91287231445312,2.0025651454925537,20.095399856567383,False,True,
Web_054_777,XXXXXXXX,0,150.01885986328125,1.9663901329040527,19.57830047607422,False,True,
Web_054_8892,XXUXXXXU,0,150.00393676757812,2.017608404159546,19.22879981994629,False,True,
Web_054_9844,XXXXXXXX,0,149.9363555908203,2.0217995643615723,19.502599716186523,False,True,
Web_054_9932,XXUXXXXX,0,150.05247497558594,2.0228419303894043,19.26729965209961,False,True,
Web_055_12086,XXXXXXXU,0,149.74307250976562,2.02844762802124,20.43950080871582,False,True,
Web_055_1250,XXXXXXXX,0,149.7690887451172,1.9719388484954832,19.65439987182617,False,True,
Web_055_12746,XXUXXXXX,0,149.78334045410156,2.0326087474823,19.847900390625,True,True,COSJ095908+020157
Web_055_13256,XXUXXXXX,0,149.83958435058594,2.0386061668395996,20.063899993896484,True,True,COSJ095921+020218
Web_055_15101,XXXXXXXX,0,149.7757568359375,2.04750919342041,20.0039005279541,False,True,
Web_055_17346,XXXXXXXX,0,149.76849365234375,2.0592777729034424,20.1112003326416,False,True,
Web_055_17440,XXXXXUXX,0,149.73765563964844,2.065195798873902,18.609399795532227,False,True,
Web_055_17877,XXXXXXXX,0,149.80039978027344,2.0629444122314453,19.79980087280273,False,True,
Web_055_18411,XXXXXXXU,0,149.8802032470703,2.0667152404785156,19.86899948120117,False,True,
Web_055_18469,XXXXXXXX,0,149.77589416503906,2.0660459995269775,19.924699783325195,False,True,
Web_055_2211,XXXXXXXX,0,149.73199462890625,1.9744977951049805,19.0634994506836,True,True,COSJ095855+015828
Web_055_22579,XXXXXXXX,0,149.7360382080078,2.0894594192504883,19.819700241088867,False,True,
Web_055_22678,XXXXXXXX,0,149.76808166503906,2.117712020874023,20.291099548339844,False,True,
Web_055_22680,XXXXXXXX,0,149.7675018310547,2.1173863410949707,19.464500427246097,False,True,
Web_055_23052,XXXXXXXX,0,149.7797088623047,2.118652582168579,19.83289909362793,False,True,
Web_055_23885,XXXXXXXX,0,149.79579162597656,2.1139280796051025,18.684999465942383,False,True,
Web_055_25578,XXXXXXXU,0,149.793701171875,2.105013132095337,19.26679992675781,False,True,
Web_055_27503,XXXXXXXX,0,149.72703552246094,2.0918681621551514,20.0531005859375,False,True,
Web_055_2956,XXXXXXXX,0,149.798828125,1.978121757507324,19.10969924926757,False,True,
Web_055_3063,XXXXXXXX,0,149.7467803955078,1.982353448867798,18.8351993560791,False,True,
Web_055_4202,XXXXXXXX,0,149.88018798828125,1.9879275560379028,18.23340034484864,False,True,
Web_055_6212,XXXXXXXX,0,149.8947296142578,2.0060606002807617,18.14380073547364,False,True,
Web_055_6622,XXXXXXXX,0,149.86851501464844,1.9971507787704468,19.79759979248047,False,True,
Web_055_6732,XXXXXXXX,0,149.8507843017578,2.0000553131103516,19.911699295043945,False,True,
Web_055_6874,XXUUXUXU,0,149.76531982421875,2.0004665851593018,19.681900024414062,False,True,
Web_055_7585,XXXXXXXU,0,149.86558532714844,2.0030577182769775,19.42569923400879,False,True,
Web_056_3201,XXXXXXXU,0,149.71397399902344,2.01971435546875,19.15999984741211,False,True,
Web_063_1022,XXXXXXXX,0,150.43780517578125,2.1406919956207275,19.856000900268555,False,True,
Web_063_1066,XXXXXXXX,0,150.40330505371094,2.142677068710327,19.250900268554688,False,True,
Web_063_10758,XXUUXXXU,0,150.47711181640625,2.252207040786743,18.70170021057129,False,True,
Web_063_1120,XXXXXUXU,0,150.45034790039062,2.142658948898315,19.545299530029297,False,True,
Web_063_11761,XXXXXXXU,0,150.4129638671875,2.2789974212646484,18.842100143432617,False,True,
Web_063_11777,XXXXXXXU,0,150.43804931640625,2.2879271507263184,19.512300491333008,False,True,
Web_063_12809,XXXXXXXX,0,150.41900634765625,2.2729272842407227,19.518199920654297,False,True,
Web_063_14042,XXUXXXXX,0,150.4509735107422,2.280445337295532,17.6156005859375,False,True,
Web_063_14254,XXUXXXXX,0,150.4202423095703,2.2777857780456543,20.01300048828125,False,True,
Web_063_14397,XXXXXXXX,0,150.48159790039062,2.2772204875946045,19.457300186157227,False,True,
Web_063_14685,XXXXXXXX,0,150.43507385253906,2.289842128753662,16.308300018310547,False,True,
Web_063_14686,XXXXXXXX,0,150.45980834960938,2.2740800380706787,19.92009925842285,False,True,
Web_063_15111,XXXXXXXX,0,150.49952697753906,2.267528533935547,19.30089950561523,False,True,
Web_063_15455,XXXXXXXU,0,150.42543029785156,2.264190673828125,20.147499084472656,False,True,
Web_063_15756,XXXXXXXX,0,150.49465942382812,2.259554624557495,19.22719955444336,False,True,
Web_063_191,XXXXXXXU,0,150.44155883789062,2.1292195320129395,19.20429992675781,False,True,
Web_063_4854,XXXXXXXU,0,150.4727020263672,2.1979660987854004,17.901500701904297,False,True,
Web_063_7163,XXXXXXXX,0,150.41165161132812,2.2121548652648926,19.762699127197266,False,True,
Web_063_7545,XXXXXXXX,0,150.43560791015625,2.216400623321533,19.298900604248047,False,True,
Web_063_7649,XXXXXXXX,0,150.41787719726562,2.2177610397338867,19.243799209594727,False,True,
Web_063_7887,XXXXXXXX,0,150.42324829101562,2.2202718257904053,19.47319984436035,False,True,
Web_063_8676,XXXXXXXX,0,150.4868621826172,2.2308220863342285,17.214000701904297,False,True,
Web_063_9512,XXXXXXXX,0,150.42202758789062,2.234851121902466,19.6387996673584,False,True,
Web_064_1021,XXXXXXXU,0,150.39146423339844,2.1329612731933594,19.92620086669922,False,True,
Web_064_10691,XXXXXXXX,0,150.34521484375,2.1884279251098633,19.96789932250977,False,True,
Web_064_11216,XXXXXXXX,0,150.28773498535156,2.194547414779663,18.98069953918457,False,True,
Web_064_1251,XXXXXXXU,0,150.3191375732422,2.138972520828247,18.945899963378903,False,True,
Web_064_1309,XXXXXXXX,0,150.32907104492188,2.139467239379883,17.409400939941406,False,True,
Web_064_14315,XXXXXXXX,0,150.35243225097656,2.2101268768310547,19.67620086669922,False,True,
Web_064_15132,XXXXXXXX,0,150.35198974609375,2.2185933589935303,18.88990020751953,False,True,
Web_064_15661,XXXXXXXX,0,150.3146209716797,2.218999147415161,19.366600036621097,False,True,
Web_064_16833,XXXXXXXU,0,150.3208465576172,2.224552631378174,19.85460090637207,False,True,
Web_064_17206,XXXXXXXX,0,150.38168334960938,2.234617233276367,17.845199584960938,False,True,
Web_064_17484,XXXXXXXX,0,150.2359619140625,2.229076147079468,19.694000244140625,False,True,
Web_064_1756,XXUXXUXX,0,150.25796508789062,2.1374430656433105,20.0398006439209,True,True,COSJ100101+020814
Web_064_17938,XXXXXXXX,0,150.2853240966797,2.2336792945861816,19.2504997253418,False,True,
Web_064_18361,XXXXXXXX,0,150.31797790527344,2.234072208404541,20.041099548339844,False,True,
Web_064_18923,XXXXXXXX,0,150.30694580078125,2.238229513168335,18.771699905395508,False,True,
Web_064_18983,XXXXXXXX,0,150.35382080078125,2.239227056503296,19.214099884033203,False,True,
Web_064_20530,XXXXXXXU,0,150.39248657226562,2.246964454650879,20.01889991760254,False,True,
Web_064_20862,XXUXXXXX,0,150.26156616210938,2.24747633934021,19.812000274658203,False,True,
Web_064_21930,XXXXXXXX,0,150.382568359375,2.2565274238586426,19.14929962158203,False,True,
Web_064_22434,XXXXXXXX,0,150.24868774414062,2.285745620727539,19.61750030517578,False,True,
Web_064_22509,XXXXXXXX,0,150.25387573242188,2.2773144245147705,18.792200088500977,False,True,
Web_064_23044,XXXXXXXX,0,150.3197021484375,2.2866384983062744,16.84269905090332,False,True,
Web_064_23584,XXXXXXXX,0,150.2382049560547,2.2797324657440186,19.77079963684082,False,True,
Web_064_24743,XXXXXXXX,0,150.36029052734375,2.2747769355773926,20.2810001373291,False,True,
Web_064_25280,XXXXXXXX,0,150.25010681152344,2.2700400352478027,19.507999420166016,False,True,
Web_064_29457,XXXXXXXX,0,150.3748016357422,2.2847437858581543,16.62350082397461,False,True,
Web_064_4323,XXXXXXXU,0,150.32701110839844,2.149343729019165,21.802000045776367,False,True,
Web_064_4727,XXXXXXXX,0,150.36959838867188,2.155731201171875,19.1968994140625,False,True,
Web_064_552,XXXXXXXX,0,150.31153869628906,2.1297526359558105,19.33679962158203,False,True,
Web_064_6196,XXXXXXXX,0,150.33824157714844,2.1622514724731445,19.01460075378418,True,True,COSJ100121+020944
Web_064_6290,XXXXXXXU,0,150.38198852539062,2.1633822917938232,20.106199264526367,False,True,
Web_064_6624,XXXXXXXU,0,150.35641479492188,2.1665220260620117,20.1382999420166,False,True,
Web_064_9225,XXUXXXXU,0,150.34715270996094,2.213257312774658,19.17480087280273,False,True,
Web_064_9725,XXUXUUXX,0,150.2366485595703,2.207195281982422,18.21489906311035,False,True,
Web_065_1028,XXXXXXXU,0,150.16558837890625,2.133500576019287,18.97800064086914,True,True,COSJ100039+020800
Web_065_11087,XXXXXXXX,0,150.0738067626953,2.189354181289673,19.412399291992188,False,True,
Web_065_11193,XXXXXXXX,0,150.1553497314453,2.190098524093628,20.39419937133789,False,True,
Web_065_11209,XXXXXXXU,0,150.21861267089844,2.190804958343506,20.37689971923828,False,True,
Web_065_15270,XXXXXXXX,0,150.1636962890625,2.2128140926361084,19.487199783325195,False,True,
Web_065_16200,XXXXXXXU,0,150.17501831054688,2.2170424461364746,20.359399795532227,False,True,
Web_065_16618,XXXXXXXU,0,150.1747589111328,2.218333959579468,21.34339904785156,False,True,
Web_065_19332,XXXXXXXX,0,150.224853515625,2.236906051635742,19.43589973449707,False,True,
Web_065_19747,XXXXXXXU,0,150.09361267089844,2.237213134765625,20.07439994812012,False,True,
Web_065_2219,XXUXXXXU,0,150.1584014892578,2.1395668983459473,18.32489967346192,False,True,
Web_065_2243,XXXXXXXX,0,150.13096618652344,2.1395058631896973,20.08699989318848,False,True,
Web_065_23744,XXXXXXXU,0,150.20777893066406,2.281569242477417,19.620399475097656,False,True,
Web_065_3273,XXXXXXXX,0,150.19949340820312,2.147991895675659,19.046600341796875,False,True,
Web_065_4062,XXXXXXXU,0,150.16600036621094,2.155881643295288,18.35020065307617,False,True,
Web_065_480,XXXXXXXX,0,150.1475830078125,2.130997657775879,19.31110000610352,False,True,
Web_065_5780,XXXXXXXX,0,150.1749267578125,2.16055965423584,19.181900024414062,False,True,
Web_065_6236,XXXXXXXX,0,150.1998291015625,2.1622543334960938,19.627599716186523,False,True,
Web_065_9567,XXXXXXXU,0,150.21786499023438,2.181497097015381,20.06609916687012,False,True,
Web_066_11210,XXXXXXXX,0,149.97911071777344,2.1912691593170166,19.849199295043945,False,True,
Web_066_12792,XXXXXXXU,0,150.05319213867188,2.198078870773315,19.19619941711425,False,True,
Web_066_12811,XXXXXXXU,0,150.05445861816406,2.199986696243286,19.17709922790528,False,True,
Web_066_13051,XXXXXXXX,0,150.02381896972656,2.203200101852417,18.47800064086914,False,True,
Web_066_13844,XXXXXXUX,0,150.05661010742188,2.208548069000244,18.060300827026367,False,True,
Web_066_13900,XXXXXXXX,0,150.04832458496094,2.2140989303588867,18.246000289916992,False,True,
Web_066_14,XXXXXXXX,0,150.05209350585938,2.1266660690307617,18.947099685668945,False,True,
Web_066_14000,XXXXXXXU,0,149.96572875976562,2.2045140266418457,19.973100662231445,False,True,
Web_066_14355,XXUXXXXX,0,150.02320861816406,2.2064802646636963,19.593799591064453,True,True,COSJ100005+021223
Web_066_15165,XXXXXXXU,0,150.04110717773438,2.209876537322998,20.67609977722168,False,True,
Web_066_15667,XXXXXXXU,0,150.00830078125,2.2156050205230713,19.20820045471192,False,True,
Web_066_18342,XXUXXXXU,0,149.98675537109375,2.228572130203247,19.85420036315918,False,True,
Web_066_18370,XXXXXXXU,0,149.94569396972656,2.227955102920532,19.991100311279297,False,True,
Web_066_19791,XXXXXXXX,0,149.96072387695312,2.2405383586883545,19.039100646972656,False,True,
Web_066_2,XXXXXXXX,0,149.98472595214844,2.143095016479492,18.82379913330078,False,True,
Web_066_20571,XXXXXXXU,0,150.0265350341797,2.240832805633545,19.793500900268555,False,True,
Web_066_2062,XXXXXXXX,0,149.99066162109375,2.145421028137207,19.28820037841797,False,True,
Web_066_21894,XXXXXXXX,0,149.97793579101562,2.2494843006134033,19.11490058898925,False,True,
Web_066_23382,XXUUXXXU,0,149.93499755859375,2.257692337036133,19.148700714111328,False,True,
Web_066_23981,XXXXXXXU,0,149.97166442871094,2.281535387039185,19.684499740600582,False,True,
Web_066_24064,XXUXXXXU,0,150.02708435058594,2.2843592166900635,19.75239944458008,False,True,
Web_066_25437,XXUXXXXU,0,150.00926208496094,2.2755069732666016,18.477399826049805,False,True,
Web_066_25444,XXXXXUXU,0,149.95916748046875,2.2769083976745605,19.442699432373047,True,True,COSJ095950+021636
Web_066_27341,XXXXXXXU,0,149.8926544189453,2.2690584659576416,19.61459922790528,False,True,
Web_066_27834,XXXXXXXU,0,150.04310607910156,2.264659881591797,19.261199951171875,False,True,
Web_066_3962,XXXXXXXU,0,150.01023864746094,2.152190923690796,18.478500366210938,False,True,
Web_066_4808,XXXXXUXU,0,149.996826171875,2.1545143127441406,19.239200592041016,False,True,
Web_066_5129,XXXXXXXU,0,149.94740295410156,2.156108856201172,19.692100524902344,False,True,
Web_066_5423,XXUXXXXU,0,149.99008178710938,2.156264305114746,20.379100799560547,False,True,
Web_066_5852,XXXXXXXU,0,150.04261779785156,2.163306713104248,19.02910041809082,False,True,
Web_066_7623,XXXXXXXU,0,149.9072723388672,2.1691155433654785,19.71319961547852,False,True,
Web_066_8312,XXXXXXXX,0,149.94198608398438,2.1731457710266113,19.38599967956543,False,True,
Web_066_8789,XXXXXXXX,0,149.98989868164062,2.174006700515747,20.43490028381348,False,True,
Web_066_8888,XXXXXXXX,0,149.98216247558594,2.1770074367523193,20.006000518798828,False,True,
Web_066_8914,XXXXXXXX,0,150.00975036621094,2.17541766166687,20.78689956665039,False,True,
Web_066_929,XXXXXXXX,0,149.93556213378906,2.132845401763916,19.57889938354492,False,True,
Web_066_9457,XXXXXXXX,0,149.97718811035156,2.181507110595703,18.809799194335938,False,True,
Web_067_10028,XXXXXXXX,0,149.8222198486328,2.182293176651001,20.53330039978028,False,True,
Web_067_10283,XXXXXXXX,0,149.8253173828125,2.1909444332122803,17.98900032043457,False,True,
Web_067_10292,XXXXXXXX,0,149.746826171875,2.1884586811065674,17.771799087524414,False,True,
Web_067_13463,XXXXXXXU,0,149.89486694335938,2.2083287239074707,18.56209945678711,False,True,
Web_067_14435,XXUXXXXX,0,149.7525177001953,2.214024066925049,18.94910049438477,False,True,
Web_067_15403,XXXXXXXU,0,149.76837158203125,2.220231056213379,19.96389961242676,False,True,
Web_067_16363,XXUXXXXX,0,149.8747100830078,2.2311758995056152,17.937999725341797,False,True,
Web_067_17799,XXUXXXXX,0,149.88487243652344,2.238513708114624,19.775400161743164,False,True,
Web_067_18369,XXXUXXXU,0,149.81289672851562,2.2427303791046143,19.898399353027344,False,True,
Web_067_19139,XXXXXXXX,0,149.83726501464844,2.2484781742095947,19.74850082397461,False,True,
Web_067_19149,XXXXXXXX,0,149.81112670898438,2.2524783611297607,18.265199661254883,False,True,
Web_067_2132,XXXXXXXX,0,149.80081176757812,2.140324354171753,18.520000457763672,False,True,
Web_067_21779,XXXXXXXX,0,149.8466339111328,2.2652835845947266,18.12190055847168,False,True,
Web_067_22149,XXXXXXXU,0,149.89231872558594,2.2643797397613525,19.13559913635254,False,True,
Web_067_22640,XXUXXXXU,0,149.8892822265625,2.2838680744171143,18.93829917907715,False,True,
Web_067_22664,XXXXXXXX,0,149.87286376953125,2.2614665031433105,18.95709991455078,False,True,
Web_067_22859,XXXXXXXX,0,149.85076904296875,2.2611241340637207,19.797399520874023,False,True,
Web_067_24896,XXXXXXXX,0,149.88339233398438,2.2904796600341797,19.01679992675781,False,True,
Web_067_25198,XXXXXXXU,0,149.8809051513672,2.2819058895111084,19.705699920654297,False,True,
Web_067_504,XXXXXXXX,0,149.82611083984375,2.135176181793213,17.93939971923828,False,True,
Web_067_5745,XXXXXXXX,0,149.8712921142578,2.1592960357666016,19.06800079345703,False,True,
Web_067_6418,XXXXXXXX,0,149.7718048095703,2.161423444747925,20.162500381469727,False,True,
Web_067_7799,XXXXXXXX,0,149.88308715820312,2.1715476512908936,19.152299880981445,False,True,
Web_067_8759,XXXXXXXU,0,149.88543701171875,2.1771459579467773,18.311899185180664,False,True,
Web_067_9087,XXXXXXXX,0,149.7405548095703,2.1782045364379883,18.84189987182617,False,True,
Web_067_9547,XXXXXXXU,0,149.85411071777344,2.179948091506958,20.13500022888184,False,True,
Web_067_9780,XXXXXXXX,0,149.8860626220703,2.1815648078918457,19.57390022277832,False,True,
Web_075_10627,XXXXXXXX,0,150.53855895996094,2.367927312850952,19.59830093383789,False,True,
Web_075_14341,XXXXXXXU,0,150.4082489013672,2.394397258758545,17.689599990844727,False,True,
Web_075_15035,XXXXXXXX,0,150.53907775878906,2.3947150707244873,19.542699813842773,False,True,
Web_075_16561,XXXXXXXX,0,150.50006103515625,2.4050917625427246,19.04450035095215,False,True,
Web_075_17175,XXXXXXXX,0,150.5435028076172,2.408708333969116,18.773700714111328,False,True,
Web_075_17252,XXXXXXXU,0,150.4131622314453,2.4099032878875732,18.45170021057129,False,True,
Web_075_1792,XXXXXXXU,0,150.4075164794922,2.311173439025879,18.833799362182617,False,True,
Web_075_18191,XXXUXXXU,0,150.39459228515625,2.41239333152771,20.524599075317383,False,True,
Web_075_23813,XXXXXXXX,0,150.4027862548828,2.438509702682495,19.72130012512207,False,True,
Web_075_24222,XXXXXXXU,0,150.42137145996094,2.4354968070983887,20.00510025024414,False,True,
Web_075_26526,XXXXXXXX,0,150.43385314941406,2.434319257736206,20.89690017700196,False,True,
Web_075_3116,XXXXXXXX,0,150.46795654296875,2.319763422012329,19.77639961242676,False,True,
Web_075_3650,XXXXXXXX,0,150.5133056640625,2.319195032119751,19.70159912109375,False,True,
Web_075_3684,XXXXXXXX,0,150.5110321044922,2.330474853515625,18.22010040283203,False,True,
Web_075_9101,XXXXXXXX,0,150.48960876464844,2.3578691482543945,19.553800582885746,False,True,
Web_075_9700,XXXXXXXX,0,150.48504638671875,2.3606746196746826,19.93490028381348,False,True,
Web_076_10483,XXXXXXXX,0,150.2363739013672,2.3519022464752197,19.881799697875977,False,True,
Web_076_10501,XXXXXXXX,0,150.2548370361328,2.3514044284820557,19.330299377441406,False,True,
Web_076_10983,XXXXXXXX,0,150.33599853515625,2.353116035461426,20.744400024414062,False,True,
Web_076_11145,XXXXXXXX,0,150.232421875,2.3543148040771484,20.68819999694824,False,True,
Web_076_11201,XXXXXXXU,0,150.2451629638672,2.355599880218506,19.14299964904785,False,True,
Web_076_11891,XXXXXXXX,0,150.3528289794922,2.3597981929779053,19.57609939575196,False,True,
Web_076_15402,XXXXXXXX,0,150.29641723632812,2.3831727504730225,19.27470016479492,False,True,
Web_076_15732,XXXXXXXX,0,150.35797119140625,2.3834524154663086,18.525999069213867,False,True,
Web_076_16318,XXXXXXXX,0,150.2319793701172,2.382856845855713,21.227399826049805,False,True,
Web_076_17752,XXXXXXXX,0,150.3604736328125,2.394778251647949,18.70299911499023,False,True,
Web_076_17853,XXXXXXXX,0,150.28741455078125,2.392559766769409,20.19960021972656,False,True,
Web_076_17869,XXXXXXXU,0,150.23191833496094,2.3946025371551514,19.863000869750977,False,True,
Web_076_18792,XXXXXXXX,0,150.3483123779297,2.4046664237976074,17.5841007232666,False,True,
Web_076_20060,XXXXXXXX,0,150.24588012695312,2.4049718379974365,19.897600173950195,False,True,
Web_076_22854,XXXXXXXX,0,150.38571166992188,2.4206812381744385,19.28890037536621,False,True,
Web_076_23265,XXXXXXXU,0,150.29249572753906,2.422149658203125,19.614999771118164,False,True,
Web_076_24283,XXXXXXXX,0,150.3856964111328,2.4478421211242676,19.605600357055664,True,True,COSJ100132+022652
Web_076_24997,XXXXXXXX,0,150.39340209960938,2.4451663494110107,20.38999938964844,False,True,
Web_076_25245,XXXXXXXX,0,150.23606872558594,2.443185329437256,18.32200050354004,False,True,
Web_076_25498,XXXXXXXX,0,150.3190460205078,2.4537241458892822,18.87579917907715,False,True,
Web_076_26479,XXXXXXXX,0,150.263916015625,2.4347357749938965,17.201499938964844,False,True,
Web_076_2765,XXXXXXXX,0,150.2615203857422,2.308640241622925,19.66320037841797,False,True,
Web_076_28190,XXXXXXXX,0,150.29275512695312,2.4266436100006104,19.33530044555664,False,True,
Web_076_4483,XXXXXXXX,0,150.33657836914062,2.3222103118896484,18.15970039367676,False,True,
Web_076_4502,XXUXXXXX,0,150.3264923095703,2.3215789794921875,18.92779922485352,False,True,
Web_076_5430,XXXXXXXX,0,150.24917602539062,2.3257203102111816,19.174299240112305,False,True,
Web_077_10216,XXXXXXXX,0,150.22216796875,2.35601544380188,19.56180000305176,False,True,
Web_077_18154,XXXXXXXX,0,150.20298767089844,2.403815984725952,20.09339904785156,False,True,
Web_077_24472,XXXXXXXX,0,150.21763610839844,2.4336845874786377,18.538799285888672,False,True,
Web_077_26117,XXXXXXXX,0,150.17539978027344,2.42610502243042,18.741600036621097,False,True,
Web_077_3277,XXXXXXXX,0,150.21014404296875,2.3116135597229004,19.62170028686523,False,True,
Web_077_442,XXXXXXXU,0,150.11961364746094,2.2959485054016113,20.228500366210938,False,True,
Web_077_773,XXXXXXXX,0,150.08578491210938,2.297651767730713,19.255599975585938,False,True,
Web_078_10487,XXXXXXXX,0,149.9229736328125,2.34830093383789,19.26569938659668,False,True,
Web_078_12077,XXUXXXXU,0,150.00302124023438,2.355414390563965,19.91699981689453,False,True,
Web_078_1215,XXXXXXXX,0,149.9365997314453,2.301568508148194,18.83270072937012,False,True,
Web_078_12365,XXXXXXXU,0,149.9322509765625,2.3567800521850586,18.81550025939941,False,True,
Web_078_13951,XXXXXXXX,0,150.0277557373047,2.3738815784454346,17.46649932861328,False,True,
Web_078_14067,XXXXXXXU,0,149.94105529785156,2.3651657104492188,19.925800323486328,False,True,
Web_078_15487,XXXXXXXX,0,149.90679931640625,2.372058868408203,19.90169906616211,False,True,
Web_078_15647,XXXXXXXX,0,150.031494140625,2.3744988441467285,19.305099487304688,False,True,
Web_078_16035,XXXXXXXU,0,150.04078674316406,2.3753914833068848,20.204700469970703,False,True,
Web_078_16861,XXXXXXXX,0,149.91281127929688,2.3805017471313477,19.347299575805664,False,True,
Web_078_16906,XXUXXXXU,0,150.0348358154297,2.3790435791015625,20.10169982910156,False,True,
Web_078_19594,XXXXXXXX,0,149.94175720214844,2.3957557678222656,18.781299591064453,False,True,
Web_078_20119,XXXXXXXX,0,150.0293426513672,2.3981525897979736,19.21129989624023,False,True,
Web_078_21354,XXXXXXXX,0,150.04136657714844,2.407919645309448,19.121400833129883,False,True,
Web_078_21467,XXXXXXXX,0,149.9862823486328,2.408329963684082,19.081499099731445,False,True,
Web_078_22289,XXXXXXXX,0,149.9015350341797,2.4112751483917236,19.971399307250977,False,True,
Web_078_24858,XXUXXXXU,0,149.92276000976562,2.4429562091827393,21.86840057373047,True,True,COSJ095941+022634
Web_078_25821,XXXXXXXX,0,149.9484100341797,2.4493796825408936,20.70759963989257,True,True,COSJ095947+022657
Web_078_27904,XXXXXXXX,0,149.9751434326172,2.4271390438079834,18.658599853515625,False,True,
Web_078_28892,XXXXXXXX,0,149.8982696533203,2.422426462173462,20.660600662231445,False,True,
Web_078_2913,XXXXXXUX,0,150.01551818847656,2.310514450073242,19.09160041809082,False,True,
Web_078_30038,XXXXXXXX,0,149.96200561523438,2.4575345516204834,20.00359916687012,False,True,
Web_078_3048,XXXXXXXX,0,149.90545654296875,2.309502363204956,18.23970031738281,False,True,
Web_078_4040,XXXXXXXU,0,149.97474670410156,2.314868927001953,19.989500045776367,False,True,
Web_078_5554,XXXXXXXX,0,150.00628662109375,2.3213393688201904,20.367599487304688,False,True,
Web_078_6166,XXXXXXXU,0,149.9657745361328,2.327127456665039,18.75539970397949,False,True,
Web_078_6744,XXXXXXXU,0,149.9913330078125,2.328211545944214,19.76639938354492,False,True,
Web_078_7477,XXXXXXXX,0,149.97979736328125,2.336743116378784,19.510400772094727,False,True,
Web_078_9342,XXXXXXXU,0,149.95252990722656,2.3418281078338623,19.82740020751953,False,True,
Web_078_9567,XXXXXXXX,0,149.97918701171875,2.341661214828491,20.1919002532959,False,True,
Web_078_9731,XXXXXXXU,0,149.9549560546875,2.343053817749023,19.401899337768555,False,True,
Web_079_12211,XXXXXXXU,0,149.86871337890625,2.418773651123047,19.21590042114257,False,True,
Web_079_12874,XXXXXXXX,0,149.8843994140625,2.448035717010498,18.679800033569336,False,True,
Web_079_4494,XXXXXXXX,0,149.87020874023438,2.3350870609283447,19.25629997253418,False,True,
Web_079_4839,XXXXXXXX,0,149.81993103027344,2.3393704891204834,18.505800247192383,True,True,COSJ095916+022021
Web_079_5720,XXXXXXXX,0,149.8828125,2.343632221221924,19.957300186157227,False,True,
Web_079_6149,XXXXXXXU,0,149.81292724609375,2.3454699516296387,19.70170021057129,False,True,
Web_079_6696,XXXXXXXU,0,149.88702392578125,2.350694417953491,20.20490074157715,False,True,
Web_079_7169,XXXXXXXX,0,149.82936096191406,2.356631278991699,20.20479965209961,False,True,
Web_079_7791,XXXXXXXX,0,149.86715698242188,2.3624625205993652,19.77280044555664,False,True,
Web_079_8221,XXXXXXXX,0,149.84954833984375,2.3681640625,19.16699981689453,False,True,
Web_079_9032,XXXXXXXX,0,149.86083984375,2.380462884902954,18.97520065307617,False,True,
Web_087_1814,XXUXXUXX,0,150.52670288085938,2.4703218936920166,20.02090072631836,False,True,
Web_087_4593,XXXXXXXX,0,150.46726989746094,2.492950677871704,19.74720001220703,False,True,
Web_087_5768,XXXXXXXX,0,150.39698791503906,2.5173120498657227,18.64249992370605,False,True,
Web_088_10369,XXXXXXXU,0,150.30615234375,2.5158092975616455,20.55220031738281,False,True,
Web_088_10579,XXXXXXXU,0,150.23239135742188,2.519622564315796,19.06410026550293,False,True,
Web_088_11088,XXXUXXXU,0,150.35589599609375,2.5292084217071533,17.006799697875977,False,True,
Web_088_11934,XXXXXXXX,0,150.30841064453125,2.527071475982666,19.545799255371097,False,True,
Web_088_12014,XXXXXXXX,0,150.310791015625,2.528230905532837,19.49799919128418,False,True,
Web_088_12670,XXXXXXUX,0,150.31712341308594,2.5314619541168213,19.83839988708496,False,True,
Web_088_14850,XXXXXXXX,0,150.246337890625,2.549989700317383,19.36930084228516,False,True,
Web_088_15086,XXXXXXXU,0,150.24981689453125,2.5499255657196045,21.201799392700195,False,True,
Web_088_3203,XXXXXXXU,0,150.31272888183594,2.478013277053833,19.936399459838867,False,True,
Web_088_3254,XXXXXXXU,0,150.32485961914062,2.484018564224243,18.151899337768555,False,True,
Web_088_3954,XXXXXXXX,0,150.3916015625,2.4829745292663574,19.14189910888672,False,True,
Web_088_4794,XXXXXXXX,0,150.294677734375,2.4887070655822754,18.8700008392334,False,True,
Web_088_7029,XXXXXXXU,0,150.24179077148438,2.498814344406128,19.876100540161133,False,True,
Web_088_740,XXXXXXXX,0,150.23878479003906,2.465325355529785,19.030799865722656,False,True,
Web_088_7693,XXXXXXXX,0,150.27137756347656,2.501155138015747,19.7283992767334,False,True,
Web_088_8077,XXXXXXXX,0,150.33448791503906,2.505478620529175,19.81130027770996,False,True,
Web_088_9119,XXUXXUXX,0,150.31126403808594,2.5119051933288574,19.06489944458008,True,True,COSJ100114+023042
Web_088_947,XXXXXXXX,0,150.3396453857422,2.4662296772003174,19.60950088500977,False,True,
Web_089_11286,XXXXXXXX,0,150.1305389404297,2.5298891067504883,19.70240020751953,False,True,
Web_089_11581,XXXXXXXX,0,150.12669372558594,2.5323030948638916,19.313899993896484,False,True,
Web_089_14103,XXXXXXXX,0,150.13023376464844,2.550252914428711,18.452800750732425,True,True,COSJ100031+023300
Web_089_14889,XXXXXXXX,0,150.22398376464844,2.5507616996765137,20.13159942626953,False,True,
Web_089_16570,XXXXXXXX,0,150.12010192871094,2.561479091644287,19.49810028076172,False,True,
Web_089_18487,XXXXXXXU,0,150.06275939941406,2.574106216430664,19.385799407958984,False,True,
Web_089_18745,XXXXXXXU,0,150.17576599121094,2.5726404190063477,19.795799255371097,False,True,
Web_089_20337,XXXXXXXX,0,150.17543029785156,2.582773208618164,19.48189926147461,False,True,
Web_089_21046,XXXXXXXX,0,150.11178588867188,2.586435079574585,19.75950050354004,False,True,
Web_089_21860,XXXXXXXX,0,150.123291015625,2.603740692138672,18.76740074157715,False,True,
Web_089_22196,XXXXXXXX,0,150.10971069335938,2.60261607170105,20.86720085144043,False,True,
Web_089_22463,XXXXXXXX,0,150.10009765625,2.602066993713379,20.60709953308105,False,True,
Web_089_23138,XXXXXXXU,0,150.172607421875,2.5993447303771973,19.457199096679688,False,True,
Web_089_24982,XXXXXXXU,0,150.06556701660156,2.61934232711792,19.81130027770996,False,True,
Web_089_25636,XXUUXXXX,0,150.09603881835938,2.6211562156677246,20.323699951171875,False,True,
Web_089_3619,XXXXXXXU,0,150.1396026611328,2.4818899631500244,20.45890045166016,False,True,
Web_089_40,XXXXXXXX,0,150.21066284179688,2.4587228298187256,18.760799407958984,False,True,
Web_089_8840,XXXXXXXX,0,150.11737060546875,2.515928268432617,19.6697006225586,False,True,
Web_090_10052,XXXXXXXX,0,149.90878295898438,2.5227136611938477,20.418399810791016,False,True,
Web_090_10486,XXUXXXXX,0,150.03231811523438,2.52410888671875,20.17009925842285,False,True,
Web_090_10978,XXXXXXXU,0,150.0032501220703,2.528053045272827,20.01129913330078,False,True,
Web_090_11118,XXXXXXXX,0,149.90060424804688,2.529273748397827,19.525400161743164,False,True,
Web_090_1148,XXXXXXXU,0,149.92999267578125,2.4712371826171875,19.02589988708496,False,True,
Web_090_12141,XXXXXXXX,0,149.92799377441406,2.535083293914795,19.23590087890625,False,True,
Web_090_12252,XXUXXXXU,0,149.94480895996094,2.5362884998321533,19.41860008239746,False,True,
Web_090_14798,XXXXXXXU,0,150.0350341796875,2.5531301498413086,18.650299072265625,False,True,
Web_090_14871,XXXXXXXU,0,150.00059509277344,2.5542409420013428,19.6884994506836,False,True,
Web_090_15274,XXUXXXXU,0,150.04647827148438,2.552971124649048,19.915700912475582,False,True,
Web_090_15930,XXXXXXXU,0,149.9329833984375,2.5588531494140625,18.840999603271484,False,True,
Web_090_16154,XXXXXXXU,0,150.03858947753906,2.559408664703369,19.83970069885254,False,True,
Web_090_16537,XXXXXXXU,0,149.92617797851562,2.560461044311523,20.005599975585938,False,True,
Web_090_16811,XXXXXXXX,0,149.9859619140625,2.5648770332336426,19.25510025024414,False,True,
Web_090_19535,XXXXXXXX,0,150.0519256591797,2.5804529190063477,18.907899856567383,False,True,
Web_090_19906,XXXXXXXU,0,150.04547119140625,2.578944683074951,20.38629913330078,False,True,
Web_090_20181,XXXXXXXU,0,149.96865844726562,2.5832996368408203,18.64949989318848,False,True,
Web_090_20418,XXXXXXXU,0,149.93783569335938,2.586200714111328,19.56110000610352,False,True,
Web_090_21851,XXUXXXXX,0,149.96768188476562,2.6186068058013916,18.82819938659668,False,True,
Web_090_22140,XXXXXXXU,0,149.93850708007812,2.614189624786377,19.94960021972656,False,True,
Web_090_22189,XXXXXXXU,0,150.00186157226562,2.617367744445801,20.274900436401367,False,True,
Web_090_22483,XXXXXXXU,0,149.96360778808594,2.6107327938079834,19.76549911499023,False,True,
Web_090_23321,XXXXXXXX,0,149.92210388183594,2.608036994934082,18.76469993591309,False,True,
Web_090_23696,XXXXXXXX,0,149.90792846679688,2.608920097351074,17.84819984436035,False,True,
Web_090_23735,XXXXXXXX,0,150.05775451660156,2.6102960109710693,19.1018009185791,False,True,
Web_090_23902,XXXXXXXX,0,149.90325927734375,2.6060562133789062,18.903600692749023,False,True,
Web_090_24638,XXUXXXXU,0,149.9384765625,2.6104626655578613,18.644100189208984,False,True,
Web_090_25248,XXUXXXXU,0,149.92398071289062,2.597917079925537,19.7942008972168,False,True,
Web_090_27069,XXXXXXXX,0,150.00929260253906,2.626516819000244,19.409900665283203,False,True,
Web_090_27401,XXXXXXXU,0,150.04879760742188,2.59220814704895,20.322799682617188,True,True,COSJ100011+023531
Web_090_2875,XXXXXXXX,0,149.98216247558594,2.481215715408325,19.23509979248047,False,True,
Web_090_4885,XXXXXXXU,0,149.99044799804688,2.4920847415924072,19.550500869750977,False,True,
Web_090_4973,XXXXXXXX,0,149.99270629882812,2.492617607116699,19.78779983520508,False,True,
Web_090_5595,XXXXXXXU,0,149.93824768066406,2.494591474533081,20.65279960632324,False,True,
Web_090_5794,XXXXXXXX,0,149.92681884765625,2.4989168643951416,18.99480056762696,False,True,
Web_090_6191,XXXXXXXX,0,149.95474243164062,2.5015251636505127,19.477100372314453,False,True,
Web_090_7058,XXXXXXXU,0,149.9384002685547,2.5059449672698975,19.32990074157715,False,True,
Web_090_7432,XXXXXXXU,0,149.97314453125,2.5088932514190674,19.465700149536133,False,True,
Web_090_8462,XXXXXXXX,0,149.93515014648438,2.5136656761169434,20.20070075988769,False,True,
Web_090_894,XXXXXXXX,0,149.98287963867188,2.466947555541992,19.01189994812012,False,True,
Web_090_9284,XXXXXXXU,0,149.91571044921875,2.521332263946533,18.873899459838867,False,True,
Web_091_103,XXXXXXXU,0,149.8863525390625,2.4644296169281006,18.912900924682617,False,True,
Web_091_2315,XXXXXXXU,0,149.87994384765625,2.5126729011535645,20.017900466918945,False,True,
Web_091_3505,XXXXXXXU,0,149.89414978027344,2.553947925567627,20.128999710083008,False,True,
Web_091_384,XXXXXXXU,0,149.854248046875,2.4676952362060547,19.81570053100586,False,True,
Web_102_1173,XXXXXXXU,0,150.05230712890625,2.6336143016815186,19.72780036926269,False,True,
Web_102_1291,XXXXXXXX,0,149.96868896484375,2.6344873905181885,20.09959983825684,False,True,
Web_102_1575,XXXXXXXU,0,150.0182342529297,2.640483856201172,18.9335994720459,False,True,
Web_102_4369,XXUXXXXU,0,149.97254943847656,2.6554720401763916,20.477500915527344,False,True,
Web_102_4648,XXXXXXXU,0,149.9534454345703,2.6603031158447266,19.437299728393555,False,True,
Web_102_518,XXUXXXXX,0,150.02206420898438,2.6314332485198975,19.31599998474121,True,True,COSJ100005+023753
Web_102_8,XXXXXXXU,0,150.03842163085938,2.626141309738159,19.14640045166016,False,True,
